set,distance_cm,power_dbm,scan_id,jammer_channel_mhz,windows,first_window_start,last_window_start,source_file,sha256
development_train,20,10,0,5180,657,0,656,samples_chamber_5180MHz_20cm_10dBm_0.csv,b129837fcf5ae6c2e55b5fc439bb8abd497919658e197b5f391809f5e116cd22
development_train,20,10,0,5200,657,0,656,samples_chamber_5200MHz_20cm_10dBm_0.csv,84a71f4a05ef09351cff7cfef3ed659425a868bf77a04db77ecb02e6f3b88d69
development_train,20,10,0,5220,657,0,656,samples_chamber_5220MHz_20cm_10dBm_0.csv,fb593bbd35c7212eec2d5b27b358810e869dedcca7cc43562642cf4fb4aa0c76
development_train,20,10,0,5240,657,0,656,samples_chamber_5240MHz_20cm_10dBm_0.csv,5c640b676c1db217bcc9cbbaf86a1572de266a4957bb6005794b3a749fe6c61a
development_train,20,10,0,5260,657,0,656,samples_chamber_5260MHz_20cm_10dBm_0.csv,b8a04d8ce94ad4a5aaf8294a4b0ae92d59cbb1737dd85228d323ccb7e0531901
development_train,20,10,0,5280,657,0,656,samples_chamber_5280MHz_20cm_10dBm_0.csv,39ae93b0877d4ecd4119758b8ef1d8fc5ced42b2298c229d085b5f4603309d8c
development_train,20,10,0,5300,657,0,656,samples_chamber_5300MHz_20cm_10dBm_0.csv,461cc3c3e1d9ea3ba54ede750a108c8a111abac278ff00e4c9a3c1e75c7a76fd
development_train,20,10,0,5320,657,0,656,samples_chamber_5320MHz_20cm_10dBm_0.csv,1d310d1b666c51920195a5916fbc1b588f515ab76074c37ee848aa0f8235ac3e
development_train,20,10,1,5180,657,0,656,samples_chamber_5180MHz_20cm_10dBm_1.csv,24d6f150c363adbbd4b0b5af90d51a3953221fa9fd89bd9de5105d1f57e5da39
development_train,20,10,1,5200,656,0,655,samples_chamber_5200MHz_20cm_10dBm_1.csv,99aac9a6d4c771e01260332e729cdc2f9c38f55b1e176cbb334cc2cf023900c5
development_train,20,10,1,5220,657,0,656,samples_chamber_5220MHz_20cm_10dBm_1.csv,33e5268991915ce20d7a053d8306290170bb0bde3de235c2d7b6090d1a115c88
development_train,20,10,1,5240,657,0,656,samples_chamber_5240MHz_20cm_10dBm_1.csv,55ce73d49ca9dd9ba3f584aaa035f5934adbdd6918589097aeaad87881c266fc
development_train,20,10,1,5260,657,0,656,samples_chamber_5260MHz_20cm_10dBm_1.csv,5e6b4d3b76898dedd3d09a8f9b7154b4b96f0a3a5b17b5135efde374fcc3215b
development_train,20,10,1,5280,657,0,656,samples_chamber_5280MHz_20cm_10dBm_1.csv,1ce2b04de8f2ff224f914127c98fecf35d25ca610e1bbb00bec66a04b2029013
development_train,20,10,1,5300,657,0,656,samples_chamber_5300MHz_20cm_10dBm_1.csv,f04c46d9d896154320b3eedccaab03bd75ed080e684e7d59fcfbd9ffcb674974
development_train,20,10,1,5320,657,0,656,samples_chamber_5320MHz_20cm_10dBm_1.csv,e17b520ff1a7b693cd75f4efef7c342cda68f30850ee6c99d088bf43695ddecf
development_train,20,10,2,5180,657,0,656,samples_chamber_5180MHz_20cm_10dBm_2.csv,0d746631ec63908689865d80d51540a85f2b9b07964d4c4c5c7c2fd34823820a
development_train,20,10,2,5200,657,0,656,samples_chamber_5200MHz_20cm_10dBm_2.csv,edace157a064605ebf970df8cff859b8d3fe6c271ab849f556bee70a1e0baab7
development_train,20,10,2,5220,657,0,656,samples_chamber_5220MHz_20cm_10dBm_2.csv,72ae5ac5f4b8042361a302f754ed430fb0cee4e3561f5890a77eb872868962bb
development_train,20,10,2,5240,657,0,656,samples_chamber_5240MHz_20cm_10dBm_2.csv,307000fcb5aa1100a8e71eeb31e14ed9448393efbefddab71ef03660a07e92e3
development_train,20,10,2,5260,657,0,656,samples_chamber_5260MHz_20cm_10dBm_2.csv,69106f29596c9b046d1619a56f35727f83e7d5613f13e19f8c8b73e0b1d8ea4c
development_train,20,10,2,5280,657,0,656,samples_chamber_5280MHz_20cm_10dBm_2.csv,cda46b0ebf142c0931146077068e5aaeed2a79ea6dd18d8d1eebf783cff6b8b4
development_train,20,10,2,5300,656,0,655,samples_chamber_5300MHz_20cm_10dBm_2.csv,b22d3aa0e5fefe530c2f6b2af8bc4e05be91523ec59d249831a3f77581a8c497
development_train,20,10,2,5320,657,0,656,samples_chamber_5320MHz_20cm_10dBm_2.csv,aecb2b5e88e2c1e3c767026c47cb9faca93b831c72b826d65f782c9c2c9e771b
development_train,20,10,3,5180,657,0,656,samples_chamber_5180MHz_20cm_10dBm_3.csv,804cd42ac2cb773f0c986d90d66dbfb2d3905a913e5c396346b250e0fdace2e0
development_train,20,10,3,5200,657,0,656,samples_chamber_5200MHz_20cm_10dBm_3.csv,c3452b2a26aab6bd1c852536912ca99b09bf960d9d449949365e3b3790c10873
development_train,20,10,3,5220,657,0,656,samples_chamber_5220MHz_20cm_10dBm_3.csv,b73b058980f4a8d4f5e2c3c0e37d13d3243c2f19a40be314e340522351690ab9
development_train,20,10,3,5240,657,0,656,samples_chamber_5240MHz_20cm_10dBm_3.csv,18a54c1b425cd1a083c34544a937c96f9bb0d659a2f60ca313d0b2ff476d2c83
development_train,20,10,3,5260,657,0,656,samples_chamber_5260MHz_20cm_10dBm_3.csv,3f776f990c7bff5ebfe3c23b067df64406c17c6b9da9fc42affa1b22bbc9313d
development_train,20,10,3,5280,657,0,656,samples_chamber_5280MHz_20cm_10dBm_3.csv,40543620b47caefb7d9da8634e393fae7eb0350625044e4d25b884ff4319c203
development_train,20,10,3,5300,657,0,656,samples_chamber_5300MHz_20cm_10dBm_3.csv,c945a12c696dfa39f1378ff7dc6772d8bae37518321ddafdec03aaabdab9fc20
development_train,20,10,3,5320,657,0,656,samples_chamber_5320MHz_20cm_10dBm_3.csv,53841bc5ab96c7dde27b2b46cb7cc6c3fabdd28932e4d2c99cad2ee7058d9cf7
development_train,20,10,4,5180,657,0,656,samples_chamber_5180MHz_20cm_10dBm_4.csv,1310f06bf28c33659ddbcf78c33680c88c6be80e3e25a8122703810137d7041a
development_train,20,10,4,5200,657,0,656,samples_chamber_5200MHz_20cm_10dBm_4.csv,cca0b98098ee4e686fd13cf746e1dce3223637c0af110811659fcc489dc25c9a
development_train,20,10,4,5220,657,0,656,samples_chamber_5220MHz_20cm_10dBm_4.csv,2ce359b27e73b8df09c8084be0daebdee9e9f0d8b9c3eb2d12a4d64275a99cab
development_train,20,10,4,5240,657,0,656,samples_chamber_5240MHz_20cm_10dBm_4.csv,6764c7c1007795fb7189941d67ccf518dcf038e00c09a1a74ebb59d355d39139
development_train,20,10,4,5260,657,0,656,samples_chamber_5260MHz_20cm_10dBm_4.csv,1996d71eeafc7e220eb4015ec9c04422ccb0938789145a4758ebd952b2b5e699
development_train,20,10,4,5280,657,0,656,samples_chamber_5280MHz_20cm_10dBm_4.csv,2021de61fa74905bb3d1026960002797d815228fbeb0230bd7938d8a5c1bbb52
development_train,20,10,4,5300,657,0,656,samples_chamber_5300MHz_20cm_10dBm_4.csv,df4bd6cf863daf4db028c00e5f12d9aacb47ceb699de6569e5b57b1699b346d3
development_train,20,10,4,5320,657,0,656,samples_chamber_5320MHz_20cm_10dBm_4.csv,2e2921a25acf1e6dc8cf270e22a0017ae7451202e9ef6bd1c512a2562508cdec
development_train,20,10,5,5180,657,0,656,samples_chamber_5180MHz_20cm_10dBm_5.csv,c43c2f0e54253b3a85e3c56607dfcc812219fafe61d1bf7bedb4d9b1bbd80682
development_train,20,10,5,5200,657,0,656,samples_chamber_5200MHz_20cm_10dBm_5.csv,d7330721dc7f9b5c63f0acfa352f7e1b5295d0281c2a6414fe712e4e8b823033
development_train,20,10,5,5220,657,0,656,samples_chamber_5220MHz_20cm_10dBm_5.csv,41920b45ae1d443c6d408030b32619eb5f85aacd462bea45e051b0abec825091
development_train,20,10,5,5240,657,0,656,samples_chamber_5240MHz_20cm_10dBm_5.csv,9637072671405325eb144a89b74ffddc9cfd852b0c5987cdc94847b243d8fdd9
development_train,20,10,5,5260,657,0,656,samples_chamber_5260MHz_20cm_10dBm_5.csv,9cc5a235534a1f9b4d254f907922e9e17288db50aeb1820cc67c5b98f12f2f45
development_train,20,10,5,5280,657,0,656,samples_chamber_5280MHz_20cm_10dBm_5.csv,2ff4245066bdb34c4cbb896a9658f2c8c7222d34f21057e865ec490d8039e9f7
development_train,20,10,5,5300,657,0,656,samples_chamber_5300MHz_20cm_10dBm_5.csv,82037ec54fc7bc30053afb14423dcbcb0625df53684960d86f60ab2f2e0cff39
development_train,20,10,5,5320,657,0,656,samples_chamber_5320MHz_20cm_10dBm_5.csv,211c0d05afc7cdf4464d95f0bf4af6378608abc1b1772101685846af3d4076fe
development_train,20,10,6,5180,657,0,656,samples_chamber_5180MHz_20cm_10dBm_6.csv,729d94647edd127d8e896012fa4237a3ec013f48951883d9c76cc63e4f8ecf7f
development_train,20,10,6,5200,657,0,656,samples_chamber_5200MHz_20cm_10dBm_6.csv,376cdd5c2ab5b731295ede23e000c2983e52cb19c8b0be89e90a758296fb3add
development_train,20,10,6,5220,657,0,656,samples_chamber_5220MHz_20cm_10dBm_6.csv,51d188a792781b64506129363f8580fa6952a35a3f8d228ddedea46553e74c2d
development_train,20,10,6,5240,657,0,656,samples_chamber_5240MHz_20cm_10dBm_6.csv,a6b0a438254935dfb88a80a1816f1394ae59833b383aedefd32bfd9f68298383
development_train,20,10,6,5260,657,0,656,samples_chamber_5260MHz_20cm_10dBm_6.csv,822a7297b6c39a3d204fa4271fa54045af04d43d975fc9d49dc8ec58c8f19905
development_train,20,10,6,5280,657,0,656,samples_chamber_5280MHz_20cm_10dBm_6.csv,6460b7e75778b7789fc2bbb8c5252e5887e2d39ce3c7e233cdc9de1324fc2638
development_train,20,10,6,5300,657,0,656,samples_chamber_5300MHz_20cm_10dBm_6.csv,3458e2c44777e7a86fbef7b6d7d3801ebd171df34dd2d4cddba5392194fc1332
development_train,20,10,6,5320,657,0,656,samples_chamber_5320MHz_20cm_10dBm_6.csv,e5997660526054d37912d0a347b60f7889da6451d340306e32e2be95dc3fa3b5
development_validation,20,10,7,5180,657,0,656,samples_chamber_5180MHz_20cm_10dBm_7.csv,3fa2c5fd819dacdd51f92a0f36e21524103e12bc2c8bf08118c6489ef0c69899
development_validation,20,10,7,5200,657,0,656,samples_chamber_5200MHz_20cm_10dBm_7.csv,1531a9383f986d04b3b0f8c6e6240c439cb6fd40614aa862c3864a5797b82993
development_validation,20,10,7,5220,657,0,656,samples_chamber_5220MHz_20cm_10dBm_7.csv,75116c80cb7e82de8d6ed81e36b6d1cff59ab2c8f793b9cb0a8710f49c7fafb0
development_validation,20,10,7,5240,657,0,656,samples_chamber_5240MHz_20cm_10dBm_7.csv,d176062c634d7a5a77edbe07bf37b1ff089dd7a6308ba5fb286ce7d4c7d19044
development_validation,20,10,7,5260,657,0,656,samples_chamber_5260MHz_20cm_10dBm_7.csv,b79441a2c6fd2eb0f9a4b36bffce0ac0061f123e1449b540ff08735aee6a8fe0
development_validation,20,10,7,5280,657,0,656,samples_chamber_5280MHz_20cm_10dBm_7.csv,a3fd5a7abd1c460543f2a889feb8fe0328301c0baee969920baa9cf39161053c
development_validation,20,10,7,5300,657,0,656,samples_chamber_5300MHz_20cm_10dBm_7.csv,753967b6138f1a9a59eeea47e202b94aab26f95a1cfbcd384631187bc1bc2773
development_validation,20,10,7,5320,657,0,656,samples_chamber_5320MHz_20cm_10dBm_7.csv,4f2acca6696009f147ff63e1c05c4f53966e7083bdb7b0d1c7a3f28284ac0cf2
within_condition_pilot,20,10,8,5180,657,0,656,samples_chamber_5180MHz_20cm_10dBm_8.csv,539f524155c34e6c3fff6fa41cf5c6f4930261d66f335a25009a6cea1125029f
within_condition_pilot,20,10,8,5200,657,0,656,samples_chamber_5200MHz_20cm_10dBm_8.csv,dfded8c85bfa5f646763446c6caf4e4dfc3453555c69509a75a1ad8725a5d20c
within_condition_pilot,20,10,8,5220,657,0,656,samples_chamber_5220MHz_20cm_10dBm_8.csv,9113d16327eec3ae2d34018526541e2b409f568238634abfb6e00d8ea711b762
within_condition_pilot,20,10,8,5240,657,0,656,samples_chamber_5240MHz_20cm_10dBm_8.csv,81b09484a9d051fb35f18bbe5912a89d019989b80cecbe76f580b7607d1e8b8f
within_condition_pilot,20,10,8,5260,657,0,656,samples_chamber_5260MHz_20cm_10dBm_8.csv,66e40fed5a31a0d26be090f186344588cb9cd8eeb740109b613598d874861de7
within_condition_pilot,20,10,8,5280,657,0,656,samples_chamber_5280MHz_20cm_10dBm_8.csv,cf60ebd63de297e070a4effebfd080dab34346a355994affb41efc2763e8a5d4
within_condition_pilot,20,10,8,5300,657,0,656,samples_chamber_5300MHz_20cm_10dBm_8.csv,582ce3b36615ecc10ca3f2531f421ad35b0630f099b33405332eef59901e37f4
within_condition_pilot,20,10,8,5320,657,0,656,samples_chamber_5320MHz_20cm_10dBm_8.csv,1fe7e23f4c51347e208d4f71ec97e1531609f9ea690812937a1109c14025c224
within_condition_pilot,20,10,9,5180,657,0,656,samples_chamber_5180MHz_20cm_10dBm_9.csv,ad984a4238f20916a3950188b46a7a93698e89aa4826548e5c2b33826f1a535a
within_condition_pilot,20,10,9,5200,657,0,656,samples_chamber_5200MHz_20cm_10dBm_9.csv,17523bd5d654f09abfdd1769b5aee6ba8263ed912334498887c5cccff831da27
within_condition_pilot,20,10,9,5220,657,0,656,samples_chamber_5220MHz_20cm_10dBm_9.csv,06f1d8e314afc27a6be32e670c95f16cb9ffb8cb519373a6ec39bd648db43f32
within_condition_pilot,20,10,9,5240,657,0,656,samples_chamber_5240MHz_20cm_10dBm_9.csv,49a791d8e3626b20ee4b2b53a3a7f20598ed7ad25f408ce955fe419ab7762aed
within_condition_pilot,20,10,9,5260,657,0,656,samples_chamber_5260MHz_20cm_10dBm_9.csv,cf05d4083c00aab07e24aff0863728b12fe73885f2ae90e35c36fb40393b1e6c
within_condition_pilot,20,10,9,5280,657,0,656,samples_chamber_5280MHz_20cm_10dBm_9.csv,6da12b5dc7f035b246f549ec758298cae008b3e20e477dd9a59676da9de7f56e
within_condition_pilot,20,10,9,5300,656,0,655,samples_chamber_5300MHz_20cm_10dBm_9.csv,4f97bae0395a8e8f6fbc5ff086a708a2a6da26f1fae477d7537ca62fb76b0c82
within_condition_pilot,20,10,9,5320,657,0,656,samples_chamber_5320MHz_20cm_10dBm_9.csv,87917e234f56131bec512151493d0ac76564ac7cb58a5535506c22b5fe58c799
distance_shift_evaluation,40,10,0,5180,658,0,657,samples_chamber_5180MHz_40cm_10dBm_0.csv,9c169d10839ec0cf4e8a4eaca15cd57e2478d0a2b1c60a790a835fddf74c574b
distance_shift_evaluation,40,10,0,5200,658,0,657,samples_chamber_5200MHz_40cm_10dBm_0.csv,010ea0cc61b61cf502815568fda6a6f69b229d9cbfe7aaa262635bab8b94c609
distance_shift_evaluation,40,10,0,5220,658,0,657,samples_chamber_5220MHz_40cm_10dBm_0.csv,2af5e41a51cb5f7c5223b52c0890d75576fe89c89d11744599bdfdfb406ec701
distance_shift_evaluation,40,10,0,5240,657,0,656,samples_chamber_5240MHz_40cm_10dBm_0.csv,a1fceccfe04f5b78675b7708e4d1da6c5d43870aea591b40ee0b3fe0b52de7fb
distance_shift_evaluation,40,10,0,5260,657,0,656,samples_chamber_5260MHz_40cm_10dBm_0.csv,159eb88c166999d0170cf11d27e9a4795a02de4241cd3f104a41e4a6e17b7c68
distance_shift_evaluation,40,10,0,5280,658,0,657,samples_chamber_5280MHz_40cm_10dBm_0.csv,3ad31891d0821b8eda6a657cc07cb7c033e1521f98e9ddf3ce80fd16dcf4b408
distance_shift_evaluation,40,10,0,5300,658,0,657,samples_chamber_5300MHz_40cm_10dBm_0.csv,8f272a0968af3c0b1618a175dc541f235efe28b23cd183a1794e06ed5e81496c
distance_shift_evaluation,40,10,0,5320,658,0,657,samples_chamber_5320MHz_40cm_10dBm_0.csv,ca70a2dadc97e661cc454d61278e116d028088db27eed24f4ac53a4ddccb54a7
distance_shift_evaluation,40,10,1,5180,657,0,656,samples_chamber_5180MHz_40cm_10dBm_1.csv,f47d19c84324898fd8131b78dec972cd3d5e45006859a9ed06733330f81890ae
distance_shift_evaluation,40,10,1,5200,657,0,656,samples_chamber_5200MHz_40cm_10dBm_1.csv,33da1b3fca950dbee69f558ba5ff1480369ddbd2f82ce2c646845aaa67abe1c7
distance_shift_evaluation,40,10,1,5220,657,0,656,samples_chamber_5220MHz_40cm_10dBm_1.csv,cb878423d4740d683ad23f2e98523c842e2486ed6e56a8639ba7d3b4091c1b80
distance_shift_evaluation,40,10,1,5240,657,0,656,samples_chamber_5240MHz_40cm_10dBm_1.csv,4b36fed95555e954abd002fc41098d39cbb2a2b69596447c2548407652e9033e
distance_shift_evaluation,40,10,1,5260,658,0,657,samples_chamber_5260MHz_40cm_10dBm_1.csv,28fa87bceea6fdd1841c94e8d483b472b568b16f6efe5e1973a0b4e5f3738c44
distance_shift_evaluation,40,10,1,5280,658,0,657,samples_chamber_5280MHz_40cm_10dBm_1.csv,07f27e76fa836f0c7642539d1e3b87cedcec08a4cbac55af72f61474a41147a1
distance_shift_evaluation,40,10,1,5300,658,0,657,samples_chamber_5300MHz_40cm_10dBm_1.csv,24e26501e1a23051aa38ff6360dd66b2eccac5a5210dfb69541cd3038842177f
distance_shift_evaluation,40,10,1,5320,658,0,657,samples_chamber_5320MHz_40cm_10dBm_1.csv,af27f74322346e63c4d05c71dc5ca23b73565d032f22b5da241bf02da698e33c
distance_shift_evaluation,40,10,2,5180,658,0,657,samples_chamber_5180MHz_40cm_10dBm_2.csv,c098f315ce0af42b53990623c301fb4e5f8d3ef4bd87eb722a5bf75139dc2d02
distance_shift_evaluation,40,10,2,5200,658,0,657,samples_chamber_5200MHz_40cm_10dBm_2.csv,6d544a7c7b0fee1c9c4b1c333380ec67ee354739ccdbff4c65567283c6088fdc
distance_shift_evaluation,40,10,2,5220,657,0,656,samples_chamber_5220MHz_40cm_10dBm_2.csv,260b06a3bb378b8b5aaacfed888c6626567dcb32f0ffc2f0db2f31f31088b061
distance_shift_evaluation,40,10,2,5240,657,0,656,samples_chamber_5240MHz_40cm_10dBm_2.csv,34feb2a5104bf08ae6518caedc5b602815fde83b8f8c7a10156b4c95bd79d07a
distance_shift_evaluation,40,10,2,5260,658,0,657,samples_chamber_5260MHz_40cm_10dBm_2.csv,c304eded0779d341faec9d7c650e9a77645105e86f501debb54cbab40e3d1781
distance_shift_evaluation,40,10,2,5280,658,0,657,samples_chamber_5280MHz_40cm_10dBm_2.csv,55bcee79e2bfa0c581c54b3bf4c4d6404bf31dda8c0355f287bf4c5941dae030
distance_shift_evaluation,40,10,2,5300,658,0,657,samples_chamber_5300MHz_40cm_10dBm_2.csv,11f539240b4c2783aa6d6e80d314e9350cf41cfd8fa0386c889201397d5ce7cb
distance_shift_evaluation,40,10,2,5320,658,0,657,samples_chamber_5320MHz_40cm_10dBm_2.csv,4f79e491f4d0f1cfa72f91e24236520cd825519ce3cefdd509402216a70ef265
distance_shift_evaluation,40,10,3,5180,658,0,657,samples_chamber_5180MHz_40cm_10dBm_3.csv,aa1fd0d3afe32970604373452c4e30be20c6e9929fd067ca3c2ad7a9d77c8464
distance_shift_evaluation,40,10,3,5200,658,0,657,samples_chamber_5200MHz_40cm_10dBm_3.csv,ec4dc67bd64dc72e551c7d35ff0fe46924c53541d8ce7fcad067967a4328c4be
distance_shift_evaluation,40,10,3,5220,657,0,656,samples_chamber_5220MHz_40cm_10dBm_3.csv,1f332a5c729aacd97a23f91209859bae8a9fe91264873113158126d8ec998c2f
distance_shift_evaluation,40,10,3,5240,658,0,657,samples_chamber_5240MHz_40cm_10dBm_3.csv,f9ae75db9971e6b463bc385e1aeb0a4538f49bbeeeac0f5d9ded8b35d98a440f
distance_shift_evaluation,40,10,3,5260,658,0,657,samples_chamber_5260MHz_40cm_10dBm_3.csv,6ea422036aaa460058fcb446fcaa102b8787845bdb1a8f2689d33e1bece6c7aa
distance_shift_evaluation,40,10,3,5280,658,0,657,samples_chamber_5280MHz_40cm_10dBm_3.csv,c1f7156150da96aebcb0bf5412dfdbe38868e0fc21d0b4832ac6ebc78a8687b4
distance_shift_evaluation,40,10,3,5300,658,0,657,samples_chamber_5300MHz_40cm_10dBm_3.csv,fe104ea6acb23f4ceef21d2bcf47faf4cfc6b3773987b55ba666211e0d48aef2
distance_shift_evaluation,40,10,3,5320,658,0,657,samples_chamber_5320MHz_40cm_10dBm_3.csv,5ef105af854334372f3e9f548e9d977e61595bec30d6f217a87626109b0d255e
distance_shift_evaluation,40,10,4,5180,658,0,657,samples_chamber_5180MHz_40cm_10dBm_4.csv,63ddc8e4e1e6a277f09b81eaa9fb33d1153b897a67ef887406533a9f2de9ee9f
distance_shift_evaluation,40,10,4,5200,657,0,656,samples_chamber_5200MHz_40cm_10dBm_4.csv,c57ebae34e590602539881dcc742fac076af102ccea32d1d5fe53a30994a6d8d
distance_shift_evaluation,40,10,4,5220,658,0,657,samples_chamber_5220MHz_40cm_10dBm_4.csv,98e61674dbdccd5f8a230aee384ae0bf8f6c4c22e46329bb75d93f4b0adf00fe
distance_shift_evaluation,40,10,4,5240,658,0,657,samples_chamber_5240MHz_40cm_10dBm_4.csv,3feffbab51a1bcd207d9e470a5f1b50e1f12702063dd86e0a287fd6f2ef71d89
distance_shift_evaluation,40,10,4,5260,658,0,657,samples_chamber_5260MHz_40cm_10dBm_4.csv,959e7983892fd752d3a3f75bbcf10ef963c78ce935bcf620f6848afff97774df
distance_shift_evaluation,40,10,4,5280,657,0,656,samples_chamber_5280MHz_40cm_10dBm_4.csv,d0722c82c335dcc0537e2ff12b49604cd91b3e5060b757a1406ad9b943a773b5
distance_shift_evaluation,40,10,4,5300,658,0,657,samples_chamber_5300MHz_40cm_10dBm_4.csv,ab28b3148add0036417830f8b32666954ec6567bb6a7f3a19e89d8cea05d41a5
distance_shift_evaluation,40,10,4,5320,658,0,657,samples_chamber_5320MHz_40cm_10dBm_4.csv,ab6d43730d770f3cba5e9946f3b4de32d1c3f7d9df8a66ccb6f8674d110586eb
distance_shift_evaluation,40,10,5,5180,658,0,657,samples_chamber_5180MHz_40cm_10dBm_5.csv,6f7dc3dadb611528e1742090ef42ca7e00fcf10e853040867185f9250eeb1597
distance_shift_evaluation,40,10,5,5200,658,0,657,samples_chamber_5200MHz_40cm_10dBm_5.csv,e14e4901f04a5b202152c75df9e85aa5310e541605873c344e06cb573f00b3ce
distance_shift_evaluation,40,10,5,5220,657,0,656,samples_chamber_5220MHz_40cm_10dBm_5.csv,d878c05dbaa9e991ab909bcdcc6a485ff065c18796e33a1a5a502ace9dd0a14a
distance_shift_evaluation,40,10,5,5240,657,0,656,samples_chamber_5240MHz_40cm_10dBm_5.csv,9a4e57c67a5d6f21ad09907bd9056761f350c6bb0fc9b339979bb760a12d071c
distance_shift_evaluation,40,10,5,5260,658,0,657,samples_chamber_5260MHz_40cm_10dBm_5.csv,3a43b98ad21dd0886bf893f8178eb733664ffc7a011893438c93e090644d6541
distance_shift_evaluation,40,10,5,5280,657,0,656,samples_chamber_5280MHz_40cm_10dBm_5.csv,c2295854c4a10dce93b3ffd8faefe46798435678ec3bb1fc520644202d3ead99
distance_shift_evaluation,40,10,5,5300,658,0,657,samples_chamber_5300MHz_40cm_10dBm_5.csv,e64f42350c14ae9721095e8234b398ed2409b24bbeb75853438d558016935cba
distance_shift_evaluation,40,10,5,5320,658,0,657,samples_chamber_5320MHz_40cm_10dBm_5.csv,78b1d4527817e1e514a01a488ed7cb630a9154c2611ab35cf2264aad0f4e050f
distance_shift_evaluation,40,10,6,5180,658,0,657,samples_chamber_5180MHz_40cm_10dBm_6.csv,9fcf886eac05d6d94d0252cac70459534f8220ea950b4612a51712a7ebcf151e
distance_shift_evaluation,40,10,6,5200,657,0,656,samples_chamber_5200MHz_40cm_10dBm_6.csv,09faa6511361c235ed04a9f2066cce3fe5446d38647a650c21287a5c154a65b5
distance_shift_evaluation,40,10,6,5220,657,0,656,samples_chamber_5220MHz_40cm_10dBm_6.csv,496a1f70016634e26add1a210040eaa5a1034c75697e30378a32b9b33aae6fc6
distance_shift_evaluation,40,10,6,5240,657,0,656,samples_chamber_5240MHz_40cm_10dBm_6.csv,3ccbaac844d1c0eeff2257bcbcb68bab9af965319f96ed3515afc27d77337c6a
distance_shift_evaluation,40,10,6,5260,658,0,657,samples_chamber_5260MHz_40cm_10dBm_6.csv,a1dc6bce308f4d77fa1d1c460f4e4f09454891fe177b57545fd9c3ac4f04fa54
distance_shift_evaluation,40,10,6,5280,657,0,656,samples_chamber_5280MHz_40cm_10dBm_6.csv,883c32aac75e792484d99329295a6b0f2860343491d60967cb37d7181d3b729f
distance_shift_evaluation,40,10,6,5300,658,0,657,samples_chamber_5300MHz_40cm_10dBm_6.csv,c3d1bee6ccc43252b3799b01be77d5e4c6c095b3a6e8cf0e83c2d190eadf321c
distance_shift_evaluation,40,10,6,5320,658,0,657,samples_chamber_5320MHz_40cm_10dBm_6.csv,385db53f3f34df77d29adc4dc83edc965badb65311146ff220ad729f9db26d5c
distance_shift_evaluation,40,10,7,5180,658,0,657,samples_chamber_5180MHz_40cm_10dBm_7.csv,7c13422b4462df82aab47b7493270bdfbfaf2ea731f6cfcfc9cabe0539bcfdc5
distance_shift_evaluation,40,10,7,5200,657,0,656,samples_chamber_5200MHz_40cm_10dBm_7.csv,370d7474553ee3d5a0758ee3548cca6359068ae57c88056248c77362ff41601f
distance_shift_evaluation,40,10,7,5220,658,0,657,samples_chamber_5220MHz_40cm_10dBm_7.csv,918e6abf087879a846c502155014437dce314cecafa325022be53d5242b92a7b
distance_shift_evaluation,40,10,7,5240,657,0,656,samples_chamber_5240MHz_40cm_10dBm_7.csv,8a39747c830009789fbc617129f28d3806037d4a6fb3562c3490e2f83e3113fb
distance_shift_evaluation,40,10,7,5260,658,0,657,samples_chamber_5260MHz_40cm_10dBm_7.csv,a55692a3e038e58e99bd16a3337383ca19d2fd73cb17758f453483c0ed6ddaf5
distance_shift_evaluation,40,10,7,5280,657,0,656,samples_chamber_5280MHz_40cm_10dBm_7.csv,791d3976a15279dc0b488dc693ccd2c3fd6be73788d89798b79568f082ba97d5
distance_shift_evaluation,40,10,7,5300,658,0,657,samples_chamber_5300MHz_40cm_10dBm_7.csv,06cee5dd19d3b52dec357696306eebcd1cdaddca4f7b7dd4db0eb20d3a3bf473
distance_shift_evaluation,40,10,7,5320,658,0,657,samples_chamber_5320MHz_40cm_10dBm_7.csv,0dd7deae0935cfb591e46b1881bc8c61bfe56effcc6d0b34e91ffe793221b21f
distance_shift_evaluation,40,10,8,5180,658,0,657,samples_chamber_5180MHz_40cm_10dBm_8.csv,e0eafd314f4f180756d3935ae0cfc077a131ea34725adc77d90915049614d8da
distance_shift_evaluation,40,10,8,5200,658,0,657,samples_chamber_5200MHz_40cm_10dBm_8.csv,a1e0f88217e8acaaf25534d48843d5b607a919a05ed1fa95036abd85a9c40c8d
distance_shift_evaluation,40,10,8,5220,658,0,657,samples_chamber_5220MHz_40cm_10dBm_8.csv,3d53370da8bbff6052b1848a6cb78bfd8d971d6483fe88e39f5a8e6927721967
distance_shift_evaluation,40,10,8,5240,657,0,656,samples_chamber_5240MHz_40cm_10dBm_8.csv,0179a0397498fbc3a7f4348b5bfdfd4826067f57971382d586861ba34ee462c2
distance_shift_evaluation,40,10,8,5260,658,0,657,samples_chamber_5260MHz_40cm_10dBm_8.csv,55f718e80f1761738324fe185b2556a235e24511be3eb0a5b02d79177ea9e831
distance_shift_evaluation,40,10,8,5280,657,0,656,samples_chamber_5280MHz_40cm_10dBm_8.csv,f01baa2ebc1f3e72e00a8d1ce7b9082c35ff4c4b8cc1ae0ea03afea2c2d94e04
distance_shift_evaluation,40,10,8,5300,658,0,657,samples_chamber_5300MHz_40cm_10dBm_8.csv,d95166b6522453c031d9074673ab781fc4ca2783ab2804df0d900b33f96ddec9
distance_shift_evaluation,40,10,8,5320,658,0,657,samples_chamber_5320MHz_40cm_10dBm_8.csv,ea70d0060726d58f0a3a616b3e80b0871f4b81c7f5885eb328e5c2516cbe34c6
distance_shift_evaluation,40,10,9,5180,658,0,657,samples_chamber_5180MHz_40cm_10dBm_9.csv,16178b5d18a25e1f2555527d7dd34c9a8bb720b7f2da1bdca584fa8408fe51b1
distance_shift_evaluation,40,10,9,5200,658,0,657,samples_chamber_5200MHz_40cm_10dBm_9.csv,5ca4beb5dae71f809beb8b1d8c8544e519bb6b2ed7a1c362faf156ca73d7afa9
distance_shift_evaluation,40,10,9,5220,657,0,656,samples_chamber_5220MHz_40cm_10dBm_9.csv,df68cc65baf538c78a9a655f26a34fa42e30fbb7e6ed97cea2c503b363a01b2d
distance_shift_evaluation,40,10,9,5240,657,0,656,samples_chamber_5240MHz_40cm_10dBm_9.csv,e513643067d2e9808e16b8a667a575f97437c2b114662ab3c155adaac4de183e
distance_shift_evaluation,40,10,9,5260,657,0,656,samples_chamber_5260MHz_40cm_10dBm_9.csv,b57171984b89467e52e4ece2a48544378ea8a5e6eafca28d12537652fade0ca4
distance_shift_evaluation,40,10,9,5280,657,0,656,samples_chamber_5280MHz_40cm_10dBm_9.csv,e0d43b4312c386211a13caa7091ac0a903484692f496c7eaaae90a5a7112d99a
distance_shift_evaluation,40,10,9,5300,658,0,657,samples_chamber_5300MHz_40cm_10dBm_9.csv,60e32f9f3a4a3e615c19a5e11671dd79416fb40c0a7a2a15ea3445e8fdb0469f
distance_shift_evaluation,40,10,9,5320,658,0,657,samples_chamber_5320MHz_40cm_10dBm_9.csv,952013388cd28c30597f4c07f27cc80da01211052879658ae7930e387b7a1183
power_shift_evaluation,20,5,0,5180,657,0,656,samples_chamber_5180MHz_20cm_5dBm_0.csv,cdf815028473bf5764e4710e0918b08d29a5e4caadd285124e7c17759cdec9d0
power_shift_evaluation,20,5,0,5200,658,0,657,samples_chamber_5200MHz_20cm_5dBm_0.csv,26069e820ecd98af0c5c060558c7effbd2b9dd6c9983880356b9124958530b7f
power_shift_evaluation,20,5,0,5220,657,0,656,samples_chamber_5220MHz_20cm_5dBm_0.csv,5093ecbf5ee13e1fb2fd1a7c140978b72752b52700949c1ae154a041b475c177
power_shift_evaluation,20,5,0,5240,657,0,656,samples_chamber_5240MHz_20cm_5dBm_0.csv,cfeabbd22c23b79534be03005566d13b78e6f8adb89d55be64b3011d6853e647
power_shift_evaluation,20,5,0,5260,657,0,656,samples_chamber_5260MHz_20cm_5dBm_0.csv,43bed0c2153bc17a42d12b0dcafee78df64c7b7e0ae3c19f9ac407466cbfe9b1
power_shift_evaluation,20,5,0,5280,658,0,657,samples_chamber_5280MHz_20cm_5dBm_0.csv,dd397a7936e2623e2f46a92010d08608256b9c6ddebf564b4673ca5edcd8b273
power_shift_evaluation,20,5,0,5300,658,0,657,samples_chamber_5300MHz_20cm_5dBm_0.csv,df6687ebc3e9e1c494433feb273d4d064505774126891886a067088e72361918
power_shift_evaluation,20,5,0,5320,658,0,657,samples_chamber_5320MHz_20cm_5dBm_0.csv,cc5212a54f3ac637af670eeb2295e63649e7f4cf840c1fd124c1c6f400b5a319
power_shift_evaluation,20,5,1,5180,657,0,656,samples_chamber_5180MHz_20cm_5dBm_1.csv,619f1658d61aa5547b936e286bed480ecff338174e692ef2751468297318d4ce
power_shift_evaluation,20,5,1,5200,658,0,657,samples_chamber_5200MHz_20cm_5dBm_1.csv,8cf8a5f1ef67d3440915b56c8624ecc66184c8e5077bd12017da9a87c91c1393
power_shift_evaluation,20,5,1,5220,657,0,656,samples_chamber_5220MHz_20cm_5dBm_1.csv,79fcd4a9a1210425800ba9387dfc135646f1429c658e3e7f2aa88594871d561c
power_shift_evaluation,20,5,1,5240,657,0,656,samples_chamber_5240MHz_20cm_5dBm_1.csv,98bd6d62d9bf3c57688162069e1a97f314da35e9b9ae86fc716b6fa8a8e2a246
power_shift_evaluation,20,5,1,5260,658,0,657,samples_chamber_5260MHz_20cm_5dBm_1.csv,9a7c24610546c0ef2a199124fbbecf077e8326142a8badbdef2d2b66836411be
power_shift_evaluation,20,5,1,5280,657,0,656,samples_chamber_5280MHz_20cm_5dBm_1.csv,04c5542df272d1f04b2c8b10c1e1780805d2ad01716c6e24229b982ed18cdaf6
power_shift_evaluation,20,5,1,5300,658,0,657,samples_chamber_5300MHz_20cm_5dBm_1.csv,fdbdff87a49a3391171d3f252c31c00e17b1d0c97ff372666aa9e9ac71323182
power_shift_evaluation,20,5,1,5320,658,0,657,samples_chamber_5320MHz_20cm_5dBm_1.csv,45413aef82b49a33c064d6d5f8ed712f2831647dc57c5eb93ae712acddbc136b
power_shift_evaluation,20,5,2,5180,657,0,656,samples_chamber_5180MHz_20cm_5dBm_2.csv,caa86ac8f36d65bb3a2b6f797daa9ae70f68009929b4dae7b8a1597c2366b172
power_shift_evaluation,20,5,2,5200,657,0,656,samples_chamber_5200MHz_20cm_5dBm_2.csv,f72fa06ed5f2ab366d6ae76cb398d46f73df965b04295b21b9d65f5fb1636a49
power_shift_evaluation,20,5,2,5220,657,0,656,samples_chamber_5220MHz_20cm_5dBm_2.csv,d6fac2cc36470318e0524dc1ed9f835459d08f1c7e432935c920b04076741f6e
power_shift_evaluation,20,5,2,5240,657,0,656,samples_chamber_5240MHz_20cm_5dBm_2.csv,c75b322d4f192b7892cb7c4fb298c097eeac0bf6f749349249b4764cc44afa53
power_shift_evaluation,20,5,2,5260,658,0,657,samples_chamber_5260MHz_20cm_5dBm_2.csv,e71cf87e822371d0ea29e645c1a22122ad59379f2db863eb7fdfbe1d75a21fe0
power_shift_evaluation,20,5,2,5280,657,0,656,samples_chamber_5280MHz_20cm_5dBm_2.csv,6fb731367fee727caeb7911baafb1db7f8daa52bbcbccd4f490c7c1f41a5a33a
power_shift_evaluation,20,5,2,5300,658,0,657,samples_chamber_5300MHz_20cm_5dBm_2.csv,8dc97e12d2e0d9746ae070b0c4adf0d8207266ce3ac725c94008da0341bd26ac
power_shift_evaluation,20,5,2,5320,658,0,657,samples_chamber_5320MHz_20cm_5dBm_2.csv,122fb9824454fcc143f406c21631c487a860245891f87312d68bdb7b77f53f22
power_shift_evaluation,20,5,3,5180,657,0,656,samples_chamber_5180MHz_20cm_5dBm_3.csv,abf234c10b238dcfae5d9fd4776837cfb2cdd02308a263c5319b0435b18baa0d
power_shift_evaluation,20,5,3,5200,657,0,656,samples_chamber_5200MHz_20cm_5dBm_3.csv,a6fc12780d8fc19d023c2f1b1490b8ee28369afc42a1282b139983ef924b1c3c
power_shift_evaluation,20,5,3,5220,657,0,656,samples_chamber_5220MHz_20cm_5dBm_3.csv,9f2d4084b5543b6e56b14d56deec2aa6ec28cf3c15812d4c787f371c208147e4
power_shift_evaluation,20,5,3,5240,657,0,656,samples_chamber_5240MHz_20cm_5dBm_3.csv,59165905e6b6a0c52cacdbecb76a290b2693af79c727c41d2b6ce095fa2fc0ac
power_shift_evaluation,20,5,3,5260,658,0,657,samples_chamber_5260MHz_20cm_5dBm_3.csv,b1225c114da13633a0b230a2baae8b7210dabbf3d40bb1201c5f7e3e00c1bec4
power_shift_evaluation,20,5,3,5280,657,0,656,samples_chamber_5280MHz_20cm_5dBm_3.csv,704367338541f474457566539414335754bb241a02bd8296e279857be1107535
power_shift_evaluation,20,5,3,5300,658,0,657,samples_chamber_5300MHz_20cm_5dBm_3.csv,d24e6a7e4e5c99a83f4a8efaefd89b19ef32f44d6a9c0bce74f2c0f4c8dcf2fa
power_shift_evaluation,20,5,3,5320,658,0,657,samples_chamber_5320MHz_20cm_5dBm_3.csv,13f29ba76d01cc78f1c800d50431d52aa8cd927884f6e11b1342b9313195334b
power_shift_evaluation,20,5,4,5180,658,0,657,samples_chamber_5180MHz_20cm_5dBm_4.csv,95da9f038f704f4c584c042d2e3ea72d539d390cbe5a4fc58abcc50cd9d085de
power_shift_evaluation,20,5,4,5200,657,0,656,samples_chamber_5200MHz_20cm_5dBm_4.csv,971530177d9d71df4a568da9dc8380fa40f4945e16e9ba8f3ba5568e32ca35af
power_shift_evaluation,20,5,4,5220,657,0,656,samples_chamber_5220MHz_20cm_5dBm_4.csv,ede65f9c7da9740b75c7230b2b9bf44371496f777aec116febddfe8fafbeaea2
power_shift_evaluation,20,5,4,5240,657,0,656,samples_chamber_5240MHz_20cm_5dBm_4.csv,80f15889fd6cc5b3743dbf685830822af879a6368986c5632941a53e954353db
power_shift_evaluation,20,5,4,5260,657,0,656,samples_chamber_5260MHz_20cm_5dBm_4.csv,938490c7973f576e6c73d94c9230a8a63b253d86fa0ab72a1a6e93882503c4e5
power_shift_evaluation,20,5,4,5280,657,0,656,samples_chamber_5280MHz_20cm_5dBm_4.csv,375ded99cb3e7e606fc31667c8ae7d0eb519fe65ae3746483c4ed9663b1970fd
power_shift_evaluation,20,5,4,5300,658,0,657,samples_chamber_5300MHz_20cm_5dBm_4.csv,b6185c6ccddd3d3c1714c0b92831ffd66911795153a581c7bdc2dbb1ca5f5583
power_shift_evaluation,20,5,4,5320,658,0,657,samples_chamber_5320MHz_20cm_5dBm_4.csv,1634ad5828557b2a427af13b5fbf375d31b57e33ade63b5975dc552223860954
power_shift_evaluation,20,5,5,5180,657,0,656,samples_chamber_5180MHz_20cm_5dBm_5.csv,ab9df66300eb23e8591e5610251da3d3cec2c9da6d442af6c034b7ed740412af
power_shift_evaluation,20,5,5,5200,657,0,656,samples_chamber_5200MHz_20cm_5dBm_5.csv,8c03b1f5309adc5beba47aa68ee6b41dc2c73546ccb0425adfda3c962c4f89e2
power_shift_evaluation,20,5,5,5220,657,0,656,samples_chamber_5220MHz_20cm_5dBm_5.csv,ab1b6ff3710ae3ee4fc477137a45a6b413e1adbf0d26327299143e8464b4e4d3
power_shift_evaluation,20,5,5,5240,657,0,656,samples_chamber_5240MHz_20cm_5dBm_5.csv,cadf18aa7e549cc9f4e0286bc56a912af4ca48fc413e4407dcceb5cf2aa474ff
power_shift_evaluation,20,5,5,5260,657,0,656,samples_chamber_5260MHz_20cm_5dBm_5.csv,5d7e8680fb734f0bb6404da2e151552d3e296069da35210d6b74de350d407fa3
power_shift_evaluation,20,5,5,5280,658,0,657,samples_chamber_5280MHz_20cm_5dBm_5.csv,52686ae22b5b336598e343e13ec2c67c3ab1c7cca7a2ee6a77c3e2f173bddf08
power_shift_evaluation,20,5,5,5300,658,0,657,samples_chamber_5300MHz_20cm_5dBm_5.csv,8013d364f9af1e8b1afc085872221e0cf2b39f82c7ddfde50a943155600049d5
power_shift_evaluation,20,5,5,5320,658,0,657,samples_chamber_5320MHz_20cm_5dBm_5.csv,00ed03efd4a7b675e192f1482dec6dc6b2d57a1074771c1bfcecb68b91050d05
power_shift_evaluation,20,5,6,5180,657,0,656,samples_chamber_5180MHz_20cm_5dBm_6.csv,733aa204061df462270bd6849991b7642415fac688acd47996a92ee373828c7f
power_shift_evaluation,20,5,6,5200,658,0,657,samples_chamber_5200MHz_20cm_5dBm_6.csv,daddc2cfb31574f5b6a1fb1007653b43dc289143a3eb66a14c2304203477e7d2
power_shift_evaluation,20,5,6,5220,657,0,656,samples_chamber_5220MHz_20cm_5dBm_6.csv,aa8bd4fe106cf867815dbd0dc50be37d79af773ec037184aa4916c0f6b46d1f0
power_shift_evaluation,20,5,6,5240,657,0,656,samples_chamber_5240MHz_20cm_5dBm_6.csv,589e35a3eba94bce1ed386cdf9c42b45996576a6f5f36df26fd43b9604790a22
power_shift_evaluation,20,5,6,5260,657,0,656,samples_chamber_5260MHz_20cm_5dBm_6.csv,66afed669d751b68165852b452652519bd59901c4b4d56217d95f14a00d17f62
power_shift_evaluation,20,5,6,5280,657,0,656,samples_chamber_5280MHz_20cm_5dBm_6.csv,130cf4e73d33eef572131a39df46e099a141cebaf2cb5d876ad724fdaedd91ab
power_shift_evaluation,20,5,6,5300,658,0,657,samples_chamber_5300MHz_20cm_5dBm_6.csv,a7a25e9856ce9a124fbb445c5440008023c7fb720bdd1c15479cd581cd850f8f
power_shift_evaluation,20,5,6,5320,658,0,657,samples_chamber_5320MHz_20cm_5dBm_6.csv,17b89c3c0b99de25a0d20582c71d33da586ac7211984fd9145d5c6ed22d45228
power_shift_evaluation,20,5,7,5180,657,0,656,samples_chamber_5180MHz_20cm_5dBm_7.csv,68f88bac8c6a0f450913700aa6105be5ee87bdd45d07140cc6ae8ae409a696c9
power_shift_evaluation,20,5,7,5200,657,0,656,samples_chamber_5200MHz_20cm_5dBm_7.csv,a0e93a10f70fc86a7ff7f5fcde4910783b3f51408e7df296758cd6ebba2aece9
power_shift_evaluation,20,5,7,5220,657,0,656,samples_chamber_5220MHz_20cm_5dBm_7.csv,f8d4b79652c48c33cd329c4d50fc1a08a1b1ca2d4551860b604d1ddbaf2eae1a
power_shift_evaluation,20,5,7,5240,658,0,657,samples_chamber_5240MHz_20cm_5dBm_7.csv,35bc0f37e5de7f463489a9e17e0cb6f0a9e16ada725f123579d75b3af2e2ab27
power_shift_evaluation,20,5,7,5260,657,0,656,samples_chamber_5260MHz_20cm_5dBm_7.csv,6e6b41f4cb1a13ff00d12ef1eddb43ac78bc5f55835bdc3a4a722995e7579801
power_shift_evaluation,20,5,7,5280,657,0,656,samples_chamber_5280MHz_20cm_5dBm_7.csv,b6ea5c164c99e8abd033b6484d12948cf82769bac59473231532abccd445cf1e
power_shift_evaluation,20,5,7,5300,657,0,656,samples_chamber_5300MHz_20cm_5dBm_7.csv,19ca4104d9255636aa00abda2e8302d695346ed34f0986c027bee1531d29c19a
power_shift_evaluation,20,5,7,5320,658,0,657,samples_chamber_5320MHz_20cm_5dBm_7.csv,9e7d57956def71f2cc99c8959646f210d019657635ad0213a74bcc8fbbd070c9
power_shift_evaluation,20,5,8,5180,657,0,656,samples_chamber_5180MHz_20cm_5dBm_8.csv,7b5f1585b8d9e8473038fcdda6ba1d2228a665df9c9fc50eb01177c2307d1ffa
power_shift_evaluation,20,5,8,5200,658,0,657,samples_chamber_5200MHz_20cm_5dBm_8.csv,ef3936206996ad752d23e042ed85094d46ffa5c8b51961603be0d53e8c4bb3be
power_shift_evaluation,20,5,8,5220,657,0,656,samples_chamber_5220MHz_20cm_5dBm_8.csv,75db79e2103360eba9326c0c3773485bf3e6bcbffd95aa9507e87d651f460f61
power_shift_evaluation,20,5,8,5240,657,0,656,samples_chamber_5240MHz_20cm_5dBm_8.csv,c56d4625d6e8b29c0177e1d0cb19fafa26fe6b1be5e3207e976415f6bbf7bc4b
power_shift_evaluation,20,5,8,5260,657,0,656,samples_chamber_5260MHz_20cm_5dBm_8.csv,676b982f07f11f844bcbc20fc90f266ee3ad8bcc3173845be28e521e9ffa973c
power_shift_evaluation,20,5,8,5280,657,0,656,samples_chamber_5280MHz_20cm_5dBm_8.csv,ee0c089d9fd5c9d28dbfc4d0aa9ad859c30d2a5bdd1c23fad92dcda193dcdcce
power_shift_evaluation,20,5,8,5300,658,0,657,samples_chamber_5300MHz_20cm_5dBm_8.csv,923a7cff83f61e800e7d09354109c6a07c439822fa3ed08c5419a2ba23226a6f
power_shift_evaluation,20,5,8,5320,658,0,657,samples_chamber_5320MHz_20cm_5dBm_8.csv,94ff27aab3d99f3d092fea39cc9f8dadb48ed2adea059a54407585dc0156d0c4
power_shift_evaluation,20,5,9,5180,657,0,656,samples_chamber_5180MHz_20cm_5dBm_9.csv,3ae44ca7e89f950c82006eb2ae3424bb7192a132c3c6889b32e16c811aaa156a
power_shift_evaluation,20,5,9,5200,657,0,656,samples_chamber_5200MHz_20cm_5dBm_9.csv,a6736376313c9e93abcc0fcebb23f9d2af595ae69241f9199aa7c219ad48bfc1
power_shift_evaluation,20,5,9,5220,658,0,657,samples_chamber_5220MHz_20cm_5dBm_9.csv,e982d262b0d153f37c90a474365ae74113603268bf8479103cb62efebb13fda2
power_shift_evaluation,20,5,9,5240,657,0,656,samples_chamber_5240MHz_20cm_5dBm_9.csv,676d2cc0f60e5bbc8ff501b8c089faf8ce32790761b0845cae3cdae207e3044d
power_shift_evaluation,20,5,9,5260,658,0,657,samples_chamber_5260MHz_20cm_5dBm_9.csv,f4db442c304c144c3c94a1fb4cd5fcbfb88801be4bd02555f7272b51b75eff2d
power_shift_evaluation,20,5,9,5280,657,0,656,samples_chamber_5280MHz_20cm_5dBm_9.csv,01bb0d83e36af6ee66f6058876ff0d9cf72b55ccf989698f3ebcc6eae9c64175
power_shift_evaluation,20,5,9,5300,658,0,657,samples_chamber_5300MHz_20cm_5dBm_9.csv,8d74040bdcb12aeb0bd2ec14b947ca9c338174bf4cf13916681ae2c432d5c7b0
power_shift_evaluation,20,5,9,5320,658,0,657,samples_chamber_5320MHz_20cm_5dBm_9.csv,d330a6123dbb91d6b56829a1a3c6facaf3159dbe2c3edc7ba3ddd8affec5a190
