record_type,profile_order,model,jammer_mode,profiling_seed,profiling_seed_role,training_data_scope,validation_loaded_not_used_for_training,train_episodes,episode_length,environment_steps,optimizer_updates,cpu_intraop_threads,cpu_interop_threads,agent_initialization_wall_seconds,training_loop_wall_seconds,agent_init_plus_training_wall_seconds,trainable_parameters,parameter_bytes,registered_buffer_bytes,inference_persistent_tensor_bytes,inference_persistent_tensor_bytes_scope,canonical_train_seed,checkpoint_path,checkpoint_sha256,checkpoint_bytes,latency_input,latency_warmup,latency_repetitions,latency_synchronization,gpu_latency_pacing_seconds,gpu_latency_pacing_scope,gpu_utilization_intent,batch1_cpu_latency_ms_median,batch1_cpu_latency_ms_mean,batch1_cpu_latency_ms_p05,batch1_cpu_latency_ms_p95,batch1_gpu_latency_ms_median,batch1_gpu_latency_ms_mean,batch1_gpu_latency_ms_p05,batch1_gpu_latency_ms_p95,serialized_state_bytes,serialized_state_bytes_role,checkpoint_bytes_role
isolated_training_wall_time,0,hnp,sweeping,91001.0,engineering cost-profiling seeds only; not units for policy-performance inference,20cm/10dBm train scans 0-6 only,True,200.0,100.0,20000.0,19937.0,1.0,1.0,0.648898300001747,79.55376010001055,80.2026584000123,32841,131364,1552,132916,"parameters + registered buffers only; excludes activations, optimizer state, framework/runtime objects, temporary workspaces, and allocator overhead",,,,,,,,,,,,,,,,,,,,,,
isolated_training_wall_time,1,matched,sweeping,91001.0,engineering cost-profiling seeds only; not units for policy-performance inference,20cm/10dBm train scans 0-6 only,True,200.0,100.0,20000.0,19937.0,1.0,1.0,0.0031026000069687143,47.528775500002666,47.531878100009635,32691,130764,2432,133196,"parameters + registered buffers only; excludes activations, optimizer state, framework/runtime objects, temporary workspaces, and allocator overhead",,,,,,,,,,,,,,,,,,,,,,
isolated_training_wall_time,2,matched,sweeping,91002.0,engineering cost-profiling seeds only; not units for policy-performance inference,20cm/10dBm train scans 0-6 only,True,200.0,100.0,20000.0,19937.0,1.0,1.0,0.0032596000091871247,47.478746499997214,47.4820061000064,32691,130764,2432,133196,"parameters + registered buffers only; excludes activations, optimizer state, framework/runtime objects, temporary workspaces, and allocator overhead",,,,,,,,,,,,,,,,,,,,,,
isolated_training_wall_time,3,hnp,sweeping,91002.0,engineering cost-profiling seeds only; not units for policy-performance inference,20cm/10dBm train scans 0-6 only,True,200.0,100.0,20000.0,19937.0,1.0,1.0,0.002430699998512864,76.32867599999008,76.3311066999886,32841,131364,1552,132916,"parameters + registered buffers only; excludes activations, optimizer state, framework/runtime objects, temporary workspaces, and allocator overhead",,,,,,,,,,,,,,,,,,,,,,
isolated_training_wall_time,4,hnp,sweeping,91003.0,engineering cost-profiling seeds only; not units for policy-performance inference,20cm/10dBm train scans 0-6 only,True,200.0,100.0,20000.0,19937.0,1.0,1.0,0.0023027000133879483,82.44305490000988,82.44535760002327,32841,131364,1552,132916,"parameters + registered buffers only; excludes activations, optimizer state, framework/runtime objects, temporary workspaces, and allocator overhead",,,,,,,,,,,,,,,,,,,,,,
isolated_training_wall_time,5,matched,sweeping,91003.0,engineering cost-profiling seeds only; not units for policy-performance inference,20cm/10dBm train scans 0-6 only,True,200.0,100.0,20000.0,19937.0,1.0,1.0,0.0033671999990474433,56.88199739999254,56.88536459999159,32691,130764,2432,133196,"parameters + registered buffers only; excludes activations, optimizer state, framework/runtime objects, temporary workspaces, and allocator overhead",,,,,,,,,,,,,,,,,,,,,,
canonical_checkpoint_inference,0,hnp,random,,engineering cost-profiling seeds only; not units for policy-performance inference,,,,,,,,,,,,32841,131364,1552,132916,"parameters + registered buffers only; excludes activations, optimizer state, framework/runtime objects, temporary workspaces, and allocator overhead",1.0,04_正式结果与审计\formal_artifacts\primary\checkpoints\hnp_random_seed1.pt,44438b66df7ef1cb0d58377eb4948a8d7cf85be72045d3704f5855e89d6746e9,558223.0,batch-1 all-zero normalized 48D observation,200.0,1000.0,per-forward torch.cuda.synchronize,0.005,fixed sleep after every GPU warm-up forward+sync and after every recorded GPU forward+sync; sleep occurs outside the recorded latency interval,"5 ms fixed pacing is designed to keep average utilization substantially below 85% on an otherwise idle, exclusively profiled GPU; external GPU load invalidates that operating condition",0.11555,0.129796,0.0951,0.17925499999999994,1.3389,1.6593579000000003,0.9088400000000001,3.3558849999999976,140193.0,"storage size, not memory","storage size, not memory"
canonical_checkpoint_inference,1,hnp,random,,engineering cost-profiling seeds only; not units for policy-performance inference,,,,,,,,,,,,32841,131364,1552,132916,"parameters + registered buffers only; excludes activations, optimizer state, framework/runtime objects, temporary workspaces, and allocator overhead",2.0,04_正式结果与审计\formal_artifacts\primary\checkpoints\hnp_random_seed2.pt,530da9e6aeaf3f9dc6bbf36a29d1d4ace3380822e3a15c62bcf4cf11f377bea4,558223.0,batch-1 all-zero normalized 48D observation,200.0,1000.0,per-forward torch.cuda.synchronize,0.005,fixed sleep after every GPU warm-up forward+sync and after every recorded GPU forward+sync; sleep occurs outside the recorded latency interval,"5 ms fixed pacing is designed to keep average utilization substantially below 85% on an otherwise idle, exclusively profiled GPU; external GPU load invalidates that operating condition",0.11745,0.15634800000000001,0.0933,0.3575099999999997,1.3552499999999998,1.5974184,0.911875,3.115915,140193.0,"storage size, not memory","storage size, not memory"
canonical_checkpoint_inference,2,hnp,random,,engineering cost-profiling seeds only; not units for policy-performance inference,,,,,,,,,,,,32841,131364,1552,132916,"parameters + registered buffers only; excludes activations, optimizer state, framework/runtime objects, temporary workspaces, and allocator overhead",3.0,04_正式结果与审计\formal_artifacts\primary\checkpoints\hnp_random_seed3.pt,ce5026a8aa8700a79bb8ff1825d576bd61773f1563c439f1f5b3e1e1f6df7704,558223.0,batch-1 all-zero normalized 48D observation,200.0,1000.0,per-forward torch.cuda.synchronize,0.005,fixed sleep after every GPU warm-up forward+sync and after every recorded GPU forward+sync; sleep occurs outside the recorded latency interval,"5 ms fixed pacing is designed to keep average utilization substantially below 85% on an otherwise idle, exclusively profiled GPU; external GPU load invalidates that operating condition",0.1183,0.1370118,0.096895,0.1928199999999999,1.3548499999999999,1.6127507,0.90469,3.050184999999999,140193.0,"storage size, not memory","storage size, not memory"
canonical_checkpoint_inference,3,hnp,random,,engineering cost-profiling seeds only; not units for policy-performance inference,,,,,,,,,,,,32841,131364,1552,132916,"parameters + registered buffers only; excludes activations, optimizer state, framework/runtime objects, temporary workspaces, and allocator overhead",4.0,04_正式结果与审计\formal_artifacts\primary\checkpoints\hnp_random_seed4.pt,4b55e33e136ff493d0fe8ae6cc2a9ef06aa77ae413fb3af5683b659b8e84c616,558223.0,batch-1 all-zero normalized 48D observation,200.0,1000.0,per-forward torch.cuda.synchronize,0.005,fixed sleep after every GPU warm-up forward+sync and after every recorded GPU forward+sync; sleep occurs outside the recorded latency interval,"5 ms fixed pacing is designed to keep average utilization substantially below 85% on an otherwise idle, exclusively profiled GPU; external GPU load invalidates that operating condition",0.11015,0.1418613,0.0932,0.29331999999999997,1.3714,1.5819398999999998,0.9038700000000001,2.936734999999999,140193.0,"storage size, not memory","storage size, not memory"
canonical_checkpoint_inference,4,hnp,random,,engineering cost-profiling seeds only; not units for policy-performance inference,,,,,,,,,,,,32841,131364,1552,132916,"parameters + registered buffers only; excludes activations, optimizer state, framework/runtime objects, temporary workspaces, and allocator overhead",5.0,04_正式结果与审计\formal_artifacts\primary\checkpoints\hnp_random_seed5.pt,88fd939d8f5a613407f94bae11a361a1047c635ee56680404ca2a6cbdbe8c46f,558223.0,batch-1 all-zero normalized 48D observation,200.0,1000.0,per-forward torch.cuda.synchronize,0.005,fixed sleep after every GPU warm-up forward+sync and after every recorded GPU forward+sync; sleep occurs outside the recorded latency interval,"5 ms fixed pacing is designed to keep average utilization substantially below 85% on an otherwise idle, exclusively profiled GPU; external GPU load invalidates that operating condition",0.1043,0.1218209,0.09859499999999999,0.18708999999999992,1.41315,1.5975882000000001,0.893285,2.8952499999999994,140193.0,"storage size, not memory","storage size, not memory"
canonical_checkpoint_inference,5,hnp,random,,engineering cost-profiling seeds only; not units for policy-performance inference,,,,,,,,,,,,32841,131364,1552,132916,"parameters + registered buffers only; excludes activations, optimizer state, framework/runtime objects, temporary workspaces, and allocator overhead",6.0,04_正式结果与审计\formal_artifacts\primary\checkpoints\hnp_random_seed6.pt,20ea86474bd3288953739f2d98c7bd7d641d09b753be669b27022daee81a78e5,558223.0,batch-1 all-zero normalized 48D observation,200.0,1000.0,per-forward torch.cuda.synchronize,0.005,fixed sleep after every GPU warm-up forward+sync and after every recorded GPU forward+sync; sleep occurs outside the recorded latency interval,"5 ms fixed pacing is designed to keep average utilization substantially below 85% on an otherwise idle, exclusively profiled GPU; external GPU load invalidates that operating condition",0.1195,0.1456092,0.0955,0.20435999999999996,1.4771999999999998,1.7579421000000002,0.905895,3.5170049999999997,140193.0,"storage size, not memory","storage size, not memory"
canonical_checkpoint_inference,6,hnp,random,,engineering cost-profiling seeds only; not units for policy-performance inference,,,,,,,,,,,,32841,131364,1552,132916,"parameters + registered buffers only; excludes activations, optimizer state, framework/runtime objects, temporary workspaces, and allocator overhead",7.0,04_正式结果与审计\formal_artifacts\primary\checkpoints\hnp_random_seed7.pt,6448046547355da17612753d70d874a593ffe8f1e06823d6fe41619806d7a4b9,558223.0,batch-1 all-zero normalized 48D observation,200.0,1000.0,per-forward torch.cuda.synchronize,0.005,fixed sleep after every GPU warm-up forward+sync and after every recorded GPU forward+sync; sleep occurs outside the recorded latency interval,"5 ms fixed pacing is designed to keep average utilization substantially below 85% on an otherwise idle, exclusively profiled GPU; external GPU load invalidates that operating condition",0.11935000000000001,0.17090629999999998,0.0963,0.4422299999999999,1.4575,1.751944,0.896185,3.536424999999999,140193.0,"storage size, not memory","storage size, not memory"
canonical_checkpoint_inference,7,hnp,random,,engineering cost-profiling seeds only; not units for policy-performance inference,,,,,,,,,,,,32841,131364,1552,132916,"parameters + registered buffers only; excludes activations, optimizer state, framework/runtime objects, temporary workspaces, and allocator overhead",8.0,04_正式结果与审计\formal_artifacts\primary\checkpoints\hnp_random_seed8.pt,9602c25a706449b5f4ffb22fe1aa0561d542278aa02cf97a4fd565a94b56de24,558223.0,batch-1 all-zero normalized 48D observation,200.0,1000.0,per-forward torch.cuda.synchronize,0.005,fixed sleep after every GPU warm-up forward+sync and after every recorded GPU forward+sync; sleep occurs outside the recorded latency interval,"5 ms fixed pacing is designed to keep average utilization substantially below 85% on an otherwise idle, exclusively profiled GPU; external GPU load invalidates that operating condition",0.11395,0.14746959999999998,0.0965,0.23626999999999984,1.4727000000000001,1.7744158000000003,0.9069550000000001,3.7628849999999985,140193.0,"storage size, not memory","storage size, not memory"
canonical_checkpoint_inference,8,hnp,random,,engineering cost-profiling seeds only; not units for policy-performance inference,,,,,,,,,,,,32841,131364,1552,132916,"parameters + registered buffers only; excludes activations, optimizer state, framework/runtime objects, temporary workspaces, and allocator overhead",9.0,04_正式结果与审计\formal_artifacts\primary\checkpoints\hnp_random_seed9.pt,d8ad0c62c7071063917368e8fd083a09284c3f6de417f0c6bb6ca574d07211a2,558223.0,batch-1 all-zero normalized 48D observation,200.0,1000.0,per-forward torch.cuda.synchronize,0.005,fixed sleep after every GPU warm-up forward+sync and after every recorded GPU forward+sync; sleep occurs outside the recorded latency interval,"5 ms fixed pacing is designed to keep average utilization substantially below 85% on an otherwise idle, exclusively profiled GPU; external GPU load invalidates that operating condition",0.12175,0.1308397,0.094495,0.18233999999999986,1.4057499999999998,1.6616521000000002,0.89554,3.23601,140193.0,"storage size, not memory","storage size, not memory"
canonical_checkpoint_inference,9,hnp,random,,engineering cost-profiling seeds only; not units for policy-performance inference,,,,,,,,,,,,32841,131364,1552,132916,"parameters + registered buffers only; excludes activations, optimizer state, framework/runtime objects, temporary workspaces, and allocator overhead",10.0,04_正式结果与审计\formal_artifacts\primary\checkpoints\hnp_random_seed10.pt,7b4cb3e07046ca207c3d3b92ed203d44e8d0001d92c217031b5a1281bc2c6ecb,558223.0,batch-1 all-zero normalized 48D observation,200.0,1000.0,per-forward torch.cuda.synchronize,0.005,fixed sleep after every GPU warm-up forward+sync and after every recorded GPU forward+sync; sleep occurs outside the recorded latency interval,"5 ms fixed pacing is designed to keep average utilization substantially below 85% on an otherwise idle, exclusively profiled GPU; external GPU load invalidates that operating condition",0.10014999999999999,0.12148010000000001,0.0939,0.20158999999999994,1.45995,1.6871403999999999,0.90602,3.1334549999999957,140193.0,"storage size, not memory","storage size, not memory"
canonical_checkpoint_inference,10,hnp,sweeping,,engineering cost-profiling seeds only; not units for policy-performance inference,,,,,,,,,,,,32841,131364,1552,132916,"parameters + registered buffers only; excludes activations, optimizer state, framework/runtime objects, temporary workspaces, and allocator overhead",1.0,04_正式结果与审计\formal_artifacts\primary\checkpoints\hnp_sweeping_seed1.pt,a777bb07c4605a558268cd4191f3459beec87934e57ce0a76b81938c9decaa08,558223.0,batch-1 all-zero normalized 48D observation,200.0,1000.0,per-forward torch.cuda.synchronize,0.005,fixed sleep after every GPU warm-up forward+sync and after every recorded GPU forward+sync; sleep occurs outside the recorded latency interval,"5 ms fixed pacing is designed to keep average utilization substantially below 85% on an otherwise idle, exclusively profiled GPU; external GPU load invalidates that operating condition",0.122,0.1553755,0.095995,0.26068999999999937,1.3747500000000001,1.6760548,0.91663,3.2925449999999996,140193.0,"storage size, not memory","storage size, not memory"
canonical_checkpoint_inference,11,hnp,sweeping,,engineering cost-profiling seeds only; not units for policy-performance inference,,,,,,,,,,,,32841,131364,1552,132916,"parameters + registered buffers only; excludes activations, optimizer state, framework/runtime objects, temporary workspaces, and allocator overhead",2.0,04_正式结果与审计\formal_artifacts\primary\checkpoints\hnp_sweeping_seed2.pt,ea94e9b0ffb471f839c831ac6a50b6b7819be92eb789b851818162dca1af7adf,558223.0,batch-1 all-zero normalized 48D observation,200.0,1000.0,per-forward torch.cuda.synchronize,0.005,fixed sleep after every GPU warm-up forward+sync and after every recorded GPU forward+sync; sleep occurs outside the recorded latency interval,"5 ms fixed pacing is designed to keep average utilization substantially below 85% on an otherwise idle, exclusively profiled GPU; external GPU load invalidates that operating condition",0.10014999999999999,0.1207407,0.0953,0.1669149999999999,1.4168,1.7238876,0.92646,3.767639999999998,140193.0,"storage size, not memory","storage size, not memory"
canonical_checkpoint_inference,12,hnp,sweeping,,engineering cost-profiling seeds only; not units for policy-performance inference,,,,,,,,,,,,32841,131364,1552,132916,"parameters + registered buffers only; excludes activations, optimizer state, framework/runtime objects, temporary workspaces, and allocator overhead",3.0,04_正式结果与审计\formal_artifacts\primary\checkpoints\hnp_sweeping_seed3.pt,c126937bdb2952a9da9630cdab84e5b264ea24c82c4a751a5c0c95c58e912555,558223.0,batch-1 all-zero normalized 48D observation,200.0,1000.0,per-forward torch.cuda.synchronize,0.005,fixed sleep after every GPU warm-up forward+sync and after every recorded GPU forward+sync; sleep occurs outside the recorded latency interval,"5 ms fixed pacing is designed to keep average utilization substantially below 85% on an otherwise idle, exclusively profiled GPU; external GPU load invalidates that operating condition",0.1258,0.1548723,0.10489499999999999,0.27516499999999994,1.3373,1.6179658,0.911715,3.297219999999999,140193.0,"storage size, not memory","storage size, not memory"
canonical_checkpoint_inference,13,hnp,sweeping,,engineering cost-profiling seeds only; not units for policy-performance inference,,,,,,,,,,,,32841,131364,1552,132916,"parameters + registered buffers only; excludes activations, optimizer state, framework/runtime objects, temporary workspaces, and allocator overhead",4.0,04_正式结果与审计\formal_artifacts\primary\checkpoints\hnp_sweeping_seed4.pt,e1717da2e9c59518e8f2b762331d87900cbf856674cba0b2e11c034931f9d6d7,558223.0,batch-1 all-zero normalized 48D observation,200.0,1000.0,per-forward torch.cuda.synchronize,0.005,fixed sleep after every GPU warm-up forward+sync and after every recorded GPU forward+sync; sleep occurs outside the recorded latency interval,"5 ms fixed pacing is designed to keep average utilization substantially below 85% on an otherwise idle, exclusively profiled GPU; external GPU load invalidates that operating condition",0.10925,0.1209033,0.0973,0.16262,1.44,1.727361,0.9108900000000001,3.5598099999999975,140193.0,"storage size, not memory","storage size, not memory"
canonical_checkpoint_inference,14,hnp,sweeping,,engineering cost-profiling seeds only; not units for policy-performance inference,,,,,,,,,,,,32841,131364,1552,132916,"parameters + registered buffers only; excludes activations, optimizer state, framework/runtime objects, temporary workspaces, and allocator overhead",5.0,04_正式结果与审计\formal_artifacts\primary\checkpoints\hnp_sweeping_seed5.pt,ca9cd202c645122ec72b094d759347206d2f8fad6301a233b694ecd39dc5001d,558223.0,batch-1 all-zero normalized 48D observation,200.0,1000.0,per-forward torch.cuda.synchronize,0.005,fixed sleep after every GPU warm-up forward+sync and after every recorded GPU forward+sync; sleep occurs outside the recorded latency interval,"5 ms fixed pacing is designed to keep average utilization substantially below 85% on an otherwise idle, exclusively profiled GPU; external GPU load invalidates that operating condition",0.1218,0.1481203,0.0958,0.25141499999999994,1.4217499999999998,1.7039164,0.916225,3.455849999999999,140193.0,"storage size, not memory","storage size, not memory"
canonical_checkpoint_inference,15,hnp,sweeping,,engineering cost-profiling seeds only; not units for policy-performance inference,,,,,,,,,,,,32841,131364,1552,132916,"parameters + registered buffers only; excludes activations, optimizer state, framework/runtime objects, temporary workspaces, and allocator overhead",6.0,04_正式结果与审计\formal_artifacts\primary\checkpoints\hnp_sweeping_seed6.pt,f0bfd30858d67416afa822b981aec7b5e6d7af7e53dd3f6b9dbf452ea9e84973,558223.0,batch-1 all-zero normalized 48D observation,200.0,1000.0,per-forward torch.cuda.synchronize,0.005,fixed sleep after every GPU warm-up forward+sync and after every recorded GPU forward+sync; sleep occurs outside the recorded latency interval,"5 ms fixed pacing is designed to keep average utilization substantially below 85% on an otherwise idle, exclusively profiled GPU; external GPU load invalidates that operating condition",0.1242,0.15439920000000001,0.101395,0.288105,1.3994,1.6573324999999999,0.894895,3.277854999999998,140193.0,"storage size, not memory","storage size, not memory"
canonical_checkpoint_inference,16,hnp,sweeping,,engineering cost-profiling seeds only; not units for policy-performance inference,,,,,,,,,,,,32841,131364,1552,132916,"parameters + registered buffers only; excludes activations, optimizer state, framework/runtime objects, temporary workspaces, and allocator overhead",7.0,04_正式结果与审计\formal_artifacts\primary\checkpoints\hnp_sweeping_seed7.pt,3ab0f64a93352d9cdbd2a91cf35f721ad1b9ae94f19f8cdf23d61ac7e81c4635,558223.0,batch-1 all-zero normalized 48D observation,200.0,1000.0,per-forward torch.cuda.synchronize,0.005,fixed sleep after every GPU warm-up forward+sync and after every recorded GPU forward+sync; sleep occurs outside the recorded latency interval,"5 ms fixed pacing is designed to keep average utilization substantially below 85% on an otherwise idle, exclusively profiled GPU; external GPU load invalidates that operating condition",0.1136,0.1440164,0.098995,0.27815999999999985,1.3808,1.6685405,0.905795,3.621154999999999,140193.0,"storage size, not memory","storage size, not memory"
canonical_checkpoint_inference,17,hnp,sweeping,,engineering cost-profiling seeds only; not units for policy-performance inference,,,,,,,,,,,,32841,131364,1552,132916,"parameters + registered buffers only; excludes activations, optimizer state, framework/runtime objects, temporary workspaces, and allocator overhead",8.0,04_正式结果与审计\formal_artifacts\primary\checkpoints\hnp_sweeping_seed8.pt,c5d489701525d824e77803f5d6a0973f8462ec99bc15f5b6280784e813c5a9ea,558223.0,batch-1 all-zero normalized 48D observation,200.0,1000.0,per-forward torch.cuda.synchronize,0.005,fixed sleep after every GPU warm-up forward+sync and after every recorded GPU forward+sync; sleep occurs outside the recorded latency interval,"5 ms fixed pacing is designed to keep average utilization substantially below 85% on an otherwise idle, exclusively profiled GPU; external GPU load invalidates that operating condition",0.11485000000000001,0.1342155,0.1028,0.18625499999999995,1.39255,1.691895,0.907885,3.63998,140193.0,"storage size, not memory","storage size, not memory"
canonical_checkpoint_inference,18,hnp,sweeping,,engineering cost-profiling seeds only; not units for policy-performance inference,,,,,,,,,,,,32841,131364,1552,132916,"parameters + registered buffers only; excludes activations, optimizer state, framework/runtime objects, temporary workspaces, and allocator overhead",9.0,04_正式结果与审计\formal_artifacts\primary\checkpoints\hnp_sweeping_seed9.pt,7885139b43d1b0f377d0fab856bf3aa8612561487e9bccd21e402b048b102d4d,558223.0,batch-1 all-zero normalized 48D observation,200.0,1000.0,per-forward torch.cuda.synchronize,0.005,fixed sleep after every GPU warm-up forward+sync and after every recorded GPU forward+sync; sleep occurs outside the recorded latency interval,"5 ms fixed pacing is designed to keep average utilization substantially below 85% on an otherwise idle, exclusively profiled GPU; external GPU load invalidates that operating condition",0.12265000000000001,0.14305349999999997,0.0967,0.22287499999999993,1.40915,1.7197065,0.917715,3.769564999999998,140193.0,"storage size, not memory","storage size, not memory"
canonical_checkpoint_inference,19,hnp,sweeping,,engineering cost-profiling seeds only; not units for policy-performance inference,,,,,,,,,,,,32841,131364,1552,132916,"parameters + registered buffers only; excludes activations, optimizer state, framework/runtime objects, temporary workspaces, and allocator overhead",10.0,04_正式结果与审计\formal_artifacts\primary\checkpoints\hnp_sweeping_seed10.pt,08cc024a1f876bdfbeb34bca1c4880345b0ac40db025b1556f8fd77a421b0190,558223.0,batch-1 all-zero normalized 48D observation,200.0,1000.0,per-forward torch.cuda.synchronize,0.005,fixed sleep after every GPU warm-up forward+sync and after every recorded GPU forward+sync; sleep occurs outside the recorded latency interval,"5 ms fixed pacing is designed to keep average utilization substantially below 85% on an otherwise idle, exclusively profiled GPU; external GPU load invalidates that operating condition",0.1215,0.1397516,0.0994,0.22312499999999988,1.3885,1.6937580000000003,0.91111,3.570829999999999,140193.0,"storage size, not memory","storage size, not memory"
canonical_checkpoint_inference,20,matched,random,,engineering cost-profiling seeds only; not units for policy-performance inference,,,,,,,,,,,,32691,130764,2432,133196,"parameters + registered buffers only; excludes activations, optimizer state, framework/runtime objects, temporary workspaces, and allocator overhead",1.0,04_正式结果与审计\formal_artifacts\primary\checkpoints\matched_random_seed1.pt,f7773659e4ef0f9ff74a3b07a0599a708d6bc80dea7875fca95472e45acdd622,551115.0,batch-1 all-zero normalized 48D observation,200.0,1000.0,per-forward torch.cuda.synchronize,0.005,fixed sleep after every GPU warm-up forward+sync and after every recorded GPU forward+sync; sleep occurs outside the recorded latency interval,"5 ms fixed pacing is designed to keep average utilization substantially below 85% on an otherwise idle, exclusively profiled GPU; external GPU load invalidates that operating condition",0.0869,0.09797489999999999,0.06859499999999999,0.1348,1.13185,1.3595663,0.7514799999999999,2.794624999999998,139309.0,"storage size, not memory","storage size, not memory"
canonical_checkpoint_inference,21,matched,random,,engineering cost-profiling seeds only; not units for policy-performance inference,,,,,,,,,,,,32691,130764,2432,133196,"parameters + registered buffers only; excludes activations, optimizer state, framework/runtime objects, temporary workspaces, and allocator overhead",2.0,04_正式结果与审计\formal_artifacts\primary\checkpoints\matched_random_seed2.pt,2d070bc4587e424662820018594ddba42a35630f6c585d8ccba8bd8a1687ca0b,551115.0,batch-1 all-zero normalized 48D observation,200.0,1000.0,per-forward torch.cuda.synchronize,0.005,fixed sleep after every GPU warm-up forward+sync and after every recorded GPU forward+sync; sleep occurs outside the recorded latency interval,"5 ms fixed pacing is designed to keep average utilization substantially below 85% on an otherwise idle, exclusively profiled GPU; external GPU load invalidates that operating condition",0.0693,0.07398600000000001,0.0668,0.07740999999999999,1.13375,1.4123033,0.761965,2.9822849999999996,139309.0,"storage size, not memory","storage size, not memory"
canonical_checkpoint_inference,22,matched,random,,engineering cost-profiling seeds only; not units for policy-performance inference,,,,,,,,,,,,32691,130764,2432,133196,"parameters + registered buffers only; excludes activations, optimizer state, framework/runtime objects, temporary workspaces, and allocator overhead",3.0,04_正式结果与审计\formal_artifacts\primary\checkpoints\matched_random_seed3.pt,e1f9e4120d409577d680e581f0ce6e7a223dc3c2cb056b976b823f552199264f,551115.0,batch-1 all-zero normalized 48D observation,200.0,1000.0,per-forward torch.cuda.synchronize,0.005,fixed sleep after every GPU warm-up forward+sync and after every recorded GPU forward+sync; sleep occurs outside the recorded latency interval,"5 ms fixed pacing is designed to keep average utilization substantially below 85% on an otherwise idle, exclusively profiled GPU; external GPU load invalidates that operating condition",0.0838,0.1167333,0.0663,0.2825799999999999,1.12405,1.3769719,0.765365,2.8387049999999983,139309.0,"storage size, not memory","storage size, not memory"
canonical_checkpoint_inference,23,matched,random,,engineering cost-profiling seeds only; not units for policy-performance inference,,,,,,,,,,,,32691,130764,2432,133196,"parameters + registered buffers only; excludes activations, optimizer state, framework/runtime objects, temporary workspaces, and allocator overhead",4.0,04_正式结果与审计\formal_artifacts\primary\checkpoints\matched_random_seed4.pt,a6df4286e2e500b3c625aa24c12d690cfb7a36f88a0dccefc17907ba15ffe584,551115.0,batch-1 all-zero normalized 48D observation,200.0,1000.0,per-forward torch.cuda.synchronize,0.005,fixed sleep after every GPU warm-up forward+sync and after every recorded GPU forward+sync; sleep occurs outside the recorded latency interval,"5 ms fixed pacing is designed to keep average utilization substantially below 85% on an otherwise idle, exclusively profiled GPU; external GPU load invalidates that operating condition",0.0844,0.0895218,0.068295,0.13105499999999995,1.16405,1.4226843999999998,0.77043,3.0054899999999996,139309.0,"storage size, not memory","storage size, not memory"
canonical_checkpoint_inference,24,matched,random,,engineering cost-profiling seeds only; not units for policy-performance inference,,,,,,,,,,,,32691,130764,2432,133196,"parameters + registered buffers only; excludes activations, optimizer state, framework/runtime objects, temporary workspaces, and allocator overhead",5.0,04_正式结果与审计\formal_artifacts\primary\checkpoints\matched_random_seed5.pt,20736b6168f4ea4559eb15329d7f768e2377284b10b8bc5f4fa014c7483f9d13,551115.0,batch-1 all-zero normalized 48D observation,200.0,1000.0,per-forward torch.cuda.synchronize,0.005,fixed sleep after every GPU warm-up forward+sync and after every recorded GPU forward+sync; sleep occurs outside the recorded latency interval,"5 ms fixed pacing is designed to keep average utilization substantially below 85% on an otherwise idle, exclusively profiled GPU; external GPU load invalidates that operating condition",0.0871,0.11200039999999999,0.0685,0.20281,1.15705,1.4176745000000002,0.7737700000000001,2.891064999999999,139309.0,"storage size, not memory","storage size, not memory"
canonical_checkpoint_inference,25,matched,random,,engineering cost-profiling seeds only; not units for policy-performance inference,,,,,,,,,,,,32691,130764,2432,133196,"parameters + registered buffers only; excludes activations, optimizer state, framework/runtime objects, temporary workspaces, and allocator overhead",6.0,04_正式结果与审计\formal_artifacts\primary\checkpoints\matched_random_seed6.pt,c8f812764def234fef6f2317bf6e6878ad71d8f1fe224272aba5a3fe29fc04fe,551115.0,batch-1 all-zero normalized 48D observation,200.0,1000.0,per-forward torch.cuda.synchronize,0.005,fixed sleep after every GPU warm-up forward+sync and after every recorded GPU forward+sync; sleep occurs outside the recorded latency interval,"5 ms fixed pacing is designed to keep average utilization substantially below 85% on an otherwise idle, exclusively profiled GPU; external GPU load invalidates that operating condition",0.0714,0.0802355,0.0674,0.1082,1.1715,1.4184317000000002,0.77798,2.8607799999999983,139309.0,"storage size, not memory","storage size, not memory"
canonical_checkpoint_inference,26,matched,random,,engineering cost-profiling seeds only; not units for policy-performance inference,,,,,,,,,,,,32691,130764,2432,133196,"parameters + registered buffers only; excludes activations, optimizer state, framework/runtime objects, temporary workspaces, and allocator overhead",7.0,04_正式结果与审计\formal_artifacts\primary\checkpoints\matched_random_seed7.pt,8625b3253344be0ff9b3d82f18fcf6b423f69d9b883cb09a33ae250578339629,551115.0,batch-1 all-zero normalized 48D observation,200.0,1000.0,per-forward torch.cuda.synchronize,0.005,fixed sleep after every GPU warm-up forward+sync and after every recorded GPU forward+sync; sleep occurs outside the recorded latency interval,"5 ms fixed pacing is designed to keep average utilization substantially below 85% on an otherwise idle, exclusively profiled GPU; external GPU load invalidates that operating condition",0.07145,0.0843994,0.0655,0.119305,1.1259,1.3820302000000002,0.7745949999999999,2.8885799999999997,139309.0,"storage size, not memory","storage size, not memory"
canonical_checkpoint_inference,27,matched,random,,engineering cost-profiling seeds only; not units for policy-performance inference,,,,,,,,,,,,32691,130764,2432,133196,"parameters + registered buffers only; excludes activations, optimizer state, framework/runtime objects, temporary workspaces, and allocator overhead",8.0,04_正式结果与审计\formal_artifacts\primary\checkpoints\matched_random_seed8.pt,c24435760db28852ccefa95d965bfe7a4d38ca90cbbabdaf54bdfaf58b08045d,551115.0,batch-1 all-zero normalized 48D observation,200.0,1000.0,per-forward torch.cuda.synchronize,0.005,fixed sleep after every GPU warm-up forward+sync and after every recorded GPU forward+sync; sleep occurs outside the recorded latency interval,"5 ms fixed pacing is designed to keep average utilization substantially below 85% on an otherwise idle, exclusively profiled GPU; external GPU load invalidates that operating condition",0.06975,0.0801194,0.0664,0.10461,1.1344500000000002,1.3543228999999999,0.78116,2.6146599999999984,139309.0,"storage size, not memory","storage size, not memory"
canonical_checkpoint_inference,28,matched,random,,engineering cost-profiling seeds only; not units for policy-performance inference,,,,,,,,,,,,32691,130764,2432,133196,"parameters + registered buffers only; excludes activations, optimizer state, framework/runtime objects, temporary workspaces, and allocator overhead",9.0,04_正式结果与审计\formal_artifacts\primary\checkpoints\matched_random_seed9.pt,588404ebf7d4729ee94c47743f48c451f28532cf08eab15bb7462d0c1aef7a8a,551115.0,batch-1 all-zero normalized 48D observation,200.0,1000.0,per-forward torch.cuda.synchronize,0.005,fixed sleep after every GPU warm-up forward+sync and after every recorded GPU forward+sync; sleep occurs outside the recorded latency interval,"5 ms fixed pacing is designed to keep average utilization substantially below 85% on an otherwise idle, exclusively profiled GPU; external GPU load invalidates that operating condition",0.0857,0.093529,0.0674,0.12684499999999987,1.1350500000000001,1.4193231000000002,0.785195,3.0565649999999995,139309.0,"storage size, not memory","storage size, not memory"
canonical_checkpoint_inference,29,matched,random,,engineering cost-profiling seeds only; not units for policy-performance inference,,,,,,,,,,,,32691,130764,2432,133196,"parameters + registered buffers only; excludes activations, optimizer state, framework/runtime objects, temporary workspaces, and allocator overhead",10.0,04_正式结果与审计\formal_artifacts\primary\checkpoints\matched_random_seed10.pt,a2e53f1d845b9536168a3355cfd75e9654f06bffae8176541801ab42bb731df0,551115.0,batch-1 all-zero normalized 48D observation,200.0,1000.0,per-forward torch.cuda.synchronize,0.005,fixed sleep after every GPU warm-up forward+sync and after every recorded GPU forward+sync; sleep occurs outside the recorded latency interval,"5 ms fixed pacing is designed to keep average utilization substantially below 85% on an otherwise idle, exclusively profiled GPU; external GPU load invalidates that operating condition",0.07635,0.11745260000000002,0.0676,0.3457399999999999,1.1713,1.4344137999999997,0.765065,3.1140849999999993,139309.0,"storage size, not memory","storage size, not memory"
canonical_checkpoint_inference,30,matched,sweeping,,engineering cost-profiling seeds only; not units for policy-performance inference,,,,,,,,,,,,32691,130764,2432,133196,"parameters + registered buffers only; excludes activations, optimizer state, framework/runtime objects, temporary workspaces, and allocator overhead",1.0,04_正式结果与审计\formal_artifacts\primary\checkpoints\matched_sweeping_seed1.pt,6712061a90e692d39081dfd091568bd88a1d52fc6271ff7bc0c140e56eeb0b54,551115.0,batch-1 all-zero normalized 48D observation,200.0,1000.0,per-forward torch.cuda.synchronize,0.005,fixed sleep after every GPU warm-up forward+sync and after every recorded GPU forward+sync; sleep occurs outside the recorded latency interval,"5 ms fixed pacing is designed to keep average utilization substantially below 85% on an otherwise idle, exclusively profiled GPU; external GPU load invalidates that operating condition",0.073,0.09164839999999999,0.0667,0.12920999999999988,1.20815,1.4846295,0.772795,3.1204649999999976,139309.0,"storage size, not memory","storage size, not memory"
canonical_checkpoint_inference,31,matched,sweeping,,engineering cost-profiling seeds only; not units for policy-performance inference,,,,,,,,,,,,32691,130764,2432,133196,"parameters + registered buffers only; excludes activations, optimizer state, framework/runtime objects, temporary workspaces, and allocator overhead",2.0,04_正式结果与审计\formal_artifacts\primary\checkpoints\matched_sweeping_seed2.pt,e80aab1c2867e354dc474804d27b4570c5bceff4195b4084b024d688136d24aa,551115.0,batch-1 all-zero normalized 48D observation,200.0,1000.0,per-forward torch.cuda.synchronize,0.005,fixed sleep after every GPU warm-up forward+sync and after every recorded GPU forward+sync; sleep occurs outside the recorded latency interval,"5 ms fixed pacing is designed to keep average utilization substantially below 85% on an otherwise idle, exclusively profiled GPU; external GPU load invalidates that operating condition",0.0837,0.0859936,0.0666,0.11111,1.2102,1.4698606,0.77197,3.0685299999999995,139309.0,"storage size, not memory","storage size, not memory"
canonical_checkpoint_inference,32,matched,sweeping,,engineering cost-profiling seeds only; not units for policy-performance inference,,,,,,,,,,,,32691,130764,2432,133196,"parameters + registered buffers only; excludes activations, optimizer state, framework/runtime objects, temporary workspaces, and allocator overhead",3.0,04_正式结果与审计\formal_artifacts\primary\checkpoints\matched_sweeping_seed3.pt,c3dcd9d7f3163f7db90dd56b49b9b638eed99e120dfb09969c021ec9e78a97c8,551115.0,batch-1 all-zero normalized 48D observation,200.0,1000.0,per-forward torch.cuda.synchronize,0.005,fixed sleep after every GPU warm-up forward+sync and after every recorded GPU forward+sync; sleep occurs outside the recorded latency interval,"5 ms fixed pacing is designed to keep average utilization substantially below 85% on an otherwise idle, exclusively profiled GPU; external GPU load invalidates that operating condition",0.0707,0.07580279999999999,0.0681,0.09642999999999997,1.19325,1.4483157000000002,0.775895,3.1444649999999994,139309.0,"storage size, not memory","storage size, not memory"
canonical_checkpoint_inference,33,matched,sweeping,,engineering cost-profiling seeds only; not units for policy-performance inference,,,,,,,,,,,,32691,130764,2432,133196,"parameters + registered buffers only; excludes activations, optimizer state, framework/runtime objects, temporary workspaces, and allocator overhead",4.0,04_正式结果与审计\formal_artifacts\primary\checkpoints\matched_sweeping_seed4.pt,7cb3638e3e390aa93d3967e348181dd0239138dfcf1c158d25b5f911012409cb,551115.0,batch-1 all-zero normalized 48D observation,200.0,1000.0,per-forward torch.cuda.synchronize,0.005,fixed sleep after every GPU warm-up forward+sync and after every recorded GPU forward+sync; sleep occurs outside the recorded latency interval,"5 ms fixed pacing is designed to keep average utilization substantially below 85% on an otherwise idle, exclusively profiled GPU; external GPU load invalidates that operating condition",0.0859,0.0934257,0.068,0.135805,1.16,1.4405440999999999,0.76722,3.0788999999999977,139309.0,"storage size, not memory","storage size, not memory"
canonical_checkpoint_inference,34,matched,sweeping,,engineering cost-profiling seeds only; not units for policy-performance inference,,,,,,,,,,,,32691,130764,2432,133196,"parameters + registered buffers only; excludes activations, optimizer state, framework/runtime objects, temporary workspaces, and allocator overhead",5.0,04_正式结果与审计\formal_artifacts\primary\checkpoints\matched_sweeping_seed5.pt,d9bc41c3269e059b2b795a1d204d6530bed6a12f02d5dfe7eca5d4891fa93ca6,551115.0,batch-1 all-zero normalized 48D observation,200.0,1000.0,per-forward torch.cuda.synchronize,0.005,fixed sleep after every GPU warm-up forward+sync and after every recorded GPU forward+sync; sleep occurs outside the recorded latency interval,"5 ms fixed pacing is designed to keep average utilization substantially below 85% on an otherwise idle, exclusively profiled GPU; external GPU load invalidates that operating condition",0.07444999999999999,0.09314689999999999,0.0671,0.16462,1.2096,1.5181251999999998,0.76865,3.4265749999999966,139309.0,"storage size, not memory","storage size, not memory"
canonical_checkpoint_inference,35,matched,sweeping,,engineering cost-profiling seeds only; not units for policy-performance inference,,,,,,,,,,,,32691,130764,2432,133196,"parameters + registered buffers only; excludes activations, optimizer state, framework/runtime objects, temporary workspaces, and allocator overhead",6.0,04_正式结果与审计\formal_artifacts\primary\checkpoints\matched_sweeping_seed6.pt,523f663af8a2f76dfd8dad86989a7ab138f5b32fc8c36461898f48a983164bc5,551115.0,batch-1 all-zero normalized 48D observation,200.0,1000.0,per-forward torch.cuda.synchronize,0.005,fixed sleep after every GPU warm-up forward+sync and after every recorded GPU forward+sync; sleep occurs outside the recorded latency interval,"5 ms fixed pacing is designed to keep average utilization substantially below 85% on an otherwise idle, exclusively profiled GPU; external GPU load invalidates that operating condition",0.0874,0.1054863,0.0689,0.16917499999999994,1.13565,1.3858249999999999,0.77139,2.8749449999999994,139309.0,"storage size, not memory","storage size, not memory"
canonical_checkpoint_inference,36,matched,sweeping,,engineering cost-profiling seeds only; not units for policy-performance inference,,,,,,,,,,,,32691,130764,2432,133196,"parameters + registered buffers only; excludes activations, optimizer state, framework/runtime objects, temporary workspaces, and allocator overhead",7.0,04_正式结果与审计\formal_artifacts\primary\checkpoints\matched_sweeping_seed7.pt,923c70cbbdc7e324acec3fcb59c93d28bebef349b06043be456f4630b24ec3eb,551115.0,batch-1 all-zero normalized 48D observation,200.0,1000.0,per-forward torch.cuda.synchronize,0.005,fixed sleep after every GPU warm-up forward+sync and after every recorded GPU forward+sync; sleep occurs outside the recorded latency interval,"5 ms fixed pacing is designed to keep average utilization substantially below 85% on an otherwise idle, exclusively profiled GPU; external GPU load invalidates that operating condition",0.0863,0.1169666,0.0684,0.28694999999999904,1.1402,1.4351681,0.7862,3.138939999999999,139309.0,"storage size, not memory","storage size, not memory"
canonical_checkpoint_inference,37,matched,sweeping,,engineering cost-profiling seeds only; not units for policy-performance inference,,,,,,,,,,,,32691,130764,2432,133196,"parameters + registered buffers only; excludes activations, optimizer state, framework/runtime objects, temporary workspaces, and allocator overhead",8.0,04_正式结果与审计\formal_artifacts\primary\checkpoints\matched_sweeping_seed8.pt,924c8c3bddee49a34faf4398e844fa12cb86454fda8633f681818f2868be8010,551115.0,batch-1 all-zero normalized 48D observation,200.0,1000.0,per-forward torch.cuda.synchronize,0.005,fixed sleep after every GPU warm-up forward+sync and after every recorded GPU forward+sync; sleep occurs outside the recorded latency interval,"5 ms fixed pacing is designed to keep average utilization substantially below 85% on an otherwise idle, exclusively profiled GPU; external GPU load invalidates that operating condition",0.0864,0.0934153,0.0702,0.12861499999999998,1.13995,1.4188849000000001,0.777,3.008415,139309.0,"storage size, not memory","storage size, not memory"
canonical_checkpoint_inference,38,matched,sweeping,,engineering cost-profiling seeds only; not units for policy-performance inference,,,,,,,,,,,,32691,130764,2432,133196,"parameters + registered buffers only; excludes activations, optimizer state, framework/runtime objects, temporary workspaces, and allocator overhead",9.0,04_正式结果与审计\formal_artifacts\primary\checkpoints\matched_sweeping_seed9.pt,803ab28b357f75463b24ac52b5ad129bb527a079e7088e0a8eb94c8b17558910,551115.0,batch-1 all-zero normalized 48D observation,200.0,1000.0,per-forward torch.cuda.synchronize,0.005,fixed sleep after every GPU warm-up forward+sync and after every recorded GPU forward+sync; sleep occurs outside the recorded latency interval,"5 ms fixed pacing is designed to keep average utilization substantially below 85% on an otherwise idle, exclusively profiled GPU; external GPU load invalidates that operating condition",0.08685000000000001,0.1053865,0.0685,0.19280999999999998,1.2143000000000002,1.4841118999999998,0.772115,3.1757649999999975,139309.0,"storage size, not memory","storage size, not memory"
canonical_checkpoint_inference,39,matched,sweeping,,engineering cost-profiling seeds only; not units for policy-performance inference,,,,,,,,,,,,32691,130764,2432,133196,"parameters + registered buffers only; excludes activations, optimizer state, framework/runtime objects, temporary workspaces, and allocator overhead",10.0,04_正式结果与审计\formal_artifacts\primary\checkpoints\matched_sweeping_seed10.pt,61f2cf1178014f8ff4ab6cdff1b7fd7f1402d2322e867f365f6a9bb6a6088153,551115.0,batch-1 all-zero normalized 48D observation,200.0,1000.0,per-forward torch.cuda.synchronize,0.005,fixed sleep after every GPU warm-up forward+sync and after every recorded GPU forward+sync; sleep occurs outside the recorded latency interval,"5 ms fixed pacing is designed to keep average utilization substantially below 85% on an otherwise idle, exclusively profiled GPU; external GPU load invalidates that operating condition",0.08715,0.1190689,0.068895,0.2624149999999998,1.1811,1.4491813000000002,0.76993,3.09095,139309.0,"storage size, not memory","storage size, not memory"
