scan_id,jammer_channel_mhz,source_file,jammed_raw_snr_mean,nonjammed_raw_snr_mean,n_windows
0,5180,03_实验代码\experiment_v2\data\raw\samples_chamber_5180MHz_20cm_10dBm_0.csv,30.30436134338379,-2.4545834064483643,657
0,5200,03_实验代码\experiment_v2\data\raw\samples_chamber_5200MHz_20cm_10dBm_0.csv,27.673595428466797,0.477700799703598,657
0,5220,03_实验代码\experiment_v2\data\raw\samples_chamber_5220MHz_20cm_10dBm_0.csv,28.315059661865234,0.41605985164642334,657
0,5240,03_实验代码\experiment_v2\data\raw\samples_chamber_5240MHz_20cm_10dBm_0.csv,27.08834457397461,0.06450048834085464,657
0,5260,03_实验代码\experiment_v2\data\raw\samples_chamber_5260MHz_20cm_10dBm_0.csv,27.535106658935547,-0.5080699324607849,657
0,5280,03_实验代码\experiment_v2\data\raw\samples_chamber_5280MHz_20cm_10dBm_0.csv,27.58153533935547,-0.6910523772239685,657
0,5300,03_实验代码\experiment_v2\data\raw\samples_chamber_5300MHz_20cm_10dBm_0.csv,28.58633041381836,-1.0085269212722778,657
0,5320,03_实验代码\experiment_v2\data\raw\samples_chamber_5320MHz_20cm_10dBm_0.csv,27.46865463256836,-3.1897757053375244,657
1,5180,03_实验代码\experiment_v2\data\raw\samples_chamber_5180MHz_20cm_10dBm_1.csv,30.228923797607422,-2.613276958465576,657
1,5200,03_实验代码\experiment_v2\data\raw\samples_chamber_5200MHz_20cm_10dBm_1.csv,27.146400451660156,0.13232125341892242,656
1,5220,03_实验代码\experiment_v2\data\raw\samples_chamber_5220MHz_20cm_10dBm_1.csv,27.450624465942383,0.19389067590236664,657
1,5240,03_实验代码\experiment_v2\data\raw\samples_chamber_5240MHz_20cm_10dBm_1.csv,26.50230598449707,0.04400262236595154,657
1,5260,03_实验代码\experiment_v2\data\raw\samples_chamber_5260MHz_20cm_10dBm_1.csv,27.48328971862793,-0.5052345991134644,657
1,5280,03_实验代码\experiment_v2\data\raw\samples_chamber_5280MHz_20cm_10dBm_1.csv,27.019302368164062,-1.039095163345337,657
1,5300,03_实验代码\experiment_v2\data\raw\samples_chamber_5300MHz_20cm_10dBm_1.csv,26.928123474121094,-0.9918466210365295,657
1,5320,03_实验代码\experiment_v2\data\raw\samples_chamber_5320MHz_20cm_10dBm_1.csv,27.300138473510742,-3.216949224472046,657
2,5180,03_实验代码\experiment_v2\data\raw\samples_chamber_5180MHz_20cm_10dBm_2.csv,30.194616317749023,-2.5197043418884277,657
2,5200,03_实验代码\experiment_v2\data\raw\samples_chamber_5200MHz_20cm_10dBm_2.csv,27.15390968322754,0.4803546667098999,657
2,5220,03_实验代码\experiment_v2\data\raw\samples_chamber_5220MHz_20cm_10dBm_2.csv,27.06736946105957,0.1567690372467041,657
2,5240,03_实验代码\experiment_v2\data\raw\samples_chamber_5240MHz_20cm_10dBm_2.csv,26.431304931640625,-0.003811260685324669,657
2,5260,03_实验代码\experiment_v2\data\raw\samples_chamber_5260MHz_20cm_10dBm_2.csv,27.348413467407227,-0.33774155378341675,657
2,5280,03_实验代码\experiment_v2\data\raw\samples_chamber_5280MHz_20cm_10dBm_2.csv,26.986616134643555,-0.6875448822975159,657
2,5300,03_实验代码\experiment_v2\data\raw\samples_chamber_5300MHz_20cm_10dBm_2.csv,26.8648738861084,-0.8458983302116394,656
2,5320,03_实验代码\experiment_v2\data\raw\samples_chamber_5320MHz_20cm_10dBm_2.csv,27.544723510742188,-3.356274366378784,657
3,5180,03_实验代码\experiment_v2\data\raw\samples_chamber_5180MHz_20cm_10dBm_3.csv,30.04566192626953,-2.579730272293091,657
3,5200,03_实验代码\experiment_v2\data\raw\samples_chamber_5200MHz_20cm_10dBm_3.csv,27.50424575805664,0.47824710607528687,657
3,5220,03_实验代码\experiment_v2\data\raw\samples_chamber_5220MHz_20cm_10dBm_3.csv,27.02398681640625,0.28511637449264526,657
3,5240,03_实验代码\experiment_v2\data\raw\samples_chamber_5240MHz_20cm_10dBm_3.csv,26.830963134765625,-0.021416161209344864,657
3,5260,03_实验代码\experiment_v2\data\raw\samples_chamber_5260MHz_20cm_10dBm_3.csv,27.942535400390625,-0.4858967959880829,657
3,5280,03_实验代码\experiment_v2\data\raw\samples_chamber_5280MHz_20cm_10dBm_3.csv,27.389911651611328,-0.7315695285797119,657
3,5300,03_实验代码\experiment_v2\data\raw\samples_chamber_5300MHz_20cm_10dBm_3.csv,26.85454750061035,-0.8698895573616028,657
3,5320,03_实验代码\experiment_v2\data\raw\samples_chamber_5320MHz_20cm_10dBm_3.csv,27.79697036743164,-3.329298496246338,657
4,5180,03_实验代码\experiment_v2\data\raw\samples_chamber_5180MHz_20cm_10dBm_4.csv,30.109142303466797,-2.7779159545898438,657
4,5200,03_实验代码\experiment_v2\data\raw\samples_chamber_5200MHz_20cm_10dBm_4.csv,27.111045837402344,0.3720284700393677,657
4,5220,03_实验代码\experiment_v2\data\raw\samples_chamber_5220MHz_20cm_10dBm_4.csv,27.372371673583984,0.24542243778705597,657
4,5240,03_实验代码\experiment_v2\data\raw\samples_chamber_5240MHz_20cm_10dBm_4.csv,26.455312728881836,0.08569055795669556,657
4,5260,03_实验代码\experiment_v2\data\raw\samples_chamber_5260MHz_20cm_10dBm_4.csv,26.816741943359375,-0.5253028273582458,657
4,5280,03_实验代码\experiment_v2\data\raw\samples_chamber_5280MHz_20cm_10dBm_4.csv,26.984237670898438,-0.6969330310821533,657
4,5300,03_实验代码\experiment_v2\data\raw\samples_chamber_5300MHz_20cm_10dBm_4.csv,27.407474517822266,-0.8520179986953735,657
4,5320,03_实验代码\experiment_v2\data\raw\samples_chamber_5320MHz_20cm_10dBm_4.csv,27.182714462280273,-3.2298381328582764,657
5,5180,03_实验代码\experiment_v2\data\raw\samples_chamber_5180MHz_20cm_10dBm_5.csv,30.17221450805664,-2.5881242752075195,657
5,5200,03_实验代码\experiment_v2\data\raw\samples_chamber_5200MHz_20cm_10dBm_5.csv,26.949649810791016,0.32785463333129883,657
5,5220,03_实验代码\experiment_v2\data\raw\samples_chamber_5220MHz_20cm_10dBm_5.csv,26.963123321533203,0.31743770837783813,657
5,5240,03_实验代码\experiment_v2\data\raw\samples_chamber_5240MHz_20cm_10dBm_5.csv,26.871070861816406,-0.07343165576457977,657
5,5260,03_实验代码\experiment_v2\data\raw\samples_chamber_5260MHz_20cm_10dBm_5.csv,27.280420303344727,-0.5736426115036011,657
5,5280,03_实验代码\experiment_v2\data\raw\samples_chamber_5280MHz_20cm_10dBm_5.csv,27.402387619018555,-0.8715909719467163,657
5,5300,03_实验代码\experiment_v2\data\raw\samples_chamber_5300MHz_20cm_10dBm_5.csv,26.87191390991211,-0.9137073159217834,657
5,5320,03_实验代码\experiment_v2\data\raw\samples_chamber_5320MHz_20cm_10dBm_5.csv,26.672161102294922,-3.2980470657348633,657
6,5180,03_实验代码\experiment_v2\data\raw\samples_chamber_5180MHz_20cm_10dBm_6.csv,30.084850311279297,-2.632702350616455,657
6,5200,03_实验代码\experiment_v2\data\raw\samples_chamber_5200MHz_20cm_10dBm_6.csv,27.40944480895996,0.3569900691509247,657
6,5220,03_实验代码\experiment_v2\data\raw\samples_chamber_5220MHz_20cm_10dBm_6.csv,27.04784393310547,0.16610822081565857,657
6,5240,03_实验代码\experiment_v2\data\raw\samples_chamber_5240MHz_20cm_10dBm_6.csv,26.500898361206055,0.05148124322295189,657
6,5260,03_实验代码\experiment_v2\data\raw\samples_chamber_5260MHz_20cm_10dBm_6.csv,26.723642349243164,-0.5286118984222412,657
6,5280,03_实验代码\experiment_v2\data\raw\samples_chamber_5280MHz_20cm_10dBm_6.csv,26.870147705078125,-0.8309803009033203,657
6,5300,03_实验代码\experiment_v2\data\raw\samples_chamber_5300MHz_20cm_10dBm_6.csv,30.458202362060547,-1.075179100036621,657
6,5320,03_实验代码\experiment_v2\data\raw\samples_chamber_5320MHz_20cm_10dBm_6.csv,27.75323486328125,-2.9919798374176025,657
